Date,fut_pnl
2021-09-21,0.0
2021-09-22,-1024938.9771283456
2021-09-23,-1358201.343924679
2021-09-24,-194927.04472993079
2021-09-27,320686.4284266603
2021-09-28,2251092.9681714587
2021-09-29,-157199.22962091194
2021-09-30,1307897.5904459872
2021-10-01,-1156986.3300099117
2021-10-04,1320473.5288156602
2021-10-05,-1075242.7306070377
2021-10-06,-503037.53478691814
2021-10-07,-905467.5626164528
2021-10-08,194927.04472993079
2021-10-12,1043802.8846828552
2021-10-13,-358414.2435356792
2021-10-14,-1861238.878711597
2021-10-15,-842587.8707680878
2021-10-18,-377278.1510901886
2021-10-19,-848875.8399529244
2021-10-20,-421293.9353840439
2021-10-21,-345838.30516600626
2021-10-22,132047.35288156604
2021-10-25,-540765.349895937
2021-10-26,-182351.10636025784
2021-10-27,521901.4423414276
2021-10-28,-1081530.699791874
2021-10-29,-238942.82902378612
2021-11-01,-220078.9214692767
2021-11-02,-446445.8121233899
2021-11-03,-723116.4562561949
2021-11-04,-528189.4115262642
2021-11-05,-427581.90456888045
2021-11-08,-94319.53777254715
2021-11-09,396142.05864469806
2021-11-10,911755.5318012892
2021-11-12,-911755.5318012892
2021-11-15,-18863.90755450943
2021-11-16,-427581.90456888045
2021-11-17,245230.79820862264
2021-11-18,-383566.1202750251
2021-11-19,176063.13717542138
2021-11-22,370990.18190535216
2021-11-23,-220078.9214692767
2021-11-24,-264094.7057631321
2021-11-26,2596931.2733374652
2021-11-29,-1389641.1898488617
2021-11-30,2131621.5536595657
2021-12-01,1452520.8816972263
2021-12-02,-1691463.7107210124
2021-12-03,962059.285279981
2021-12-06,-1320473.5288156602
2021-12-07,-2389428.290237861
2021-12-08,-352126.27435084275
2021-12-09,804860.0556590691
2021-12-10,-1106682.57653122
2021-12-13,1062666.7922373647
2021-12-14,795882.4717174928
2021-12-15,-2076430.3336701065
2021-12-16,1181417.258812302
2021-12-17,1410540.6059758998
2021-12-20,1474981.547365662
2021-12-21,-2355674.4130257415
2021-12-22,-1295978.932394101
2021-12-23,-852052.4472646299
2021-12-27,-1904587.8232974082
2021-12-28,107401.56898293656
2021-12-29,-171842.51037269845
2021-12-30,350845.1253442594
2021-12-31,393805.752937434
2022-01-03,-787611.505874868
2022-01-04,50120.73219203705
2022-01-05,2627758.387782514
2022-01-06,143202.09197724873
2022-01-07,565648.2633101324
2022-01-10,157522.3011749736
2022-01-11,-1224377.8864054766
2022-01-12,-322204.7069488096
2022-01-13,1840146.881907646
2022-01-14,-78761.1505874868
2022-01-18,2391474.936020054
2022-01-19,1346099.664586138
2022-01-20,1417700.7105747624
2022-01-21,2427275.459014366
2022-01-24,-393805.752937434
2022-01-25,1568062.9071508737
2022-01-26,214803.13796587312
2022-01-27,680209.9368919315
2022-01-28,-3021564.140719948
2022-01-31,-2319873.8900314295
2022-02-01,-880692.8656600796
2022-02-02,-1210057.6772077517
2022-02-03,3100325.291307435
2022-02-04,-673049.832293069
2022-02-07,479727.0081237833
2022-02-08,-1052535.3760327783
2022-02-09,-1868787.300303096
2022-02-10,2298393.576234842
2022-02-11,2520356.8187995777
2022-02-14,443926.48512947105
2022-02-15,-2019149.496879207
2022-02-16,-157522.3011749736
2022-02-17,2735159.9567654505
2022-02-18,887852.9702589421
2022-02-22,1245858.200202064
2022-02-23,2233952.6348450803
2022-02-24,-1775705.9405178842
2022-02-25,-2749480.1659631752
2022-02-28,343685.0207453969
2022-03-01,1840146.881907646
2022-03-02,-2233952.6348450803
2022-03-03,644409.4138976192
2022-03-04,916493.3886543919
2022-03-07,3687453.8684141547
2022-03-08,852052.4472646299
2022-03-09,-3050204.5591153977
2022-03-10,515527.53111809544
2022-03-11,1596703.3255463233
2022-03-14,844892.3426657675
2022-03-15,-2580639.3895332515
2022-03-16,-3006000.439049253
2022-03-17,-1648198.6741523317
2022-03-18,-1616804.4136922874
2022-03-21,39242.82557505552
2022-03-22,-1656047.239267343
2022-03-23,1805169.9764525539
2022-03-24,-2040626.929902887
2022-03-25,-753462.251041066
2022-03-28,-988919.2044913991
2022-03-29,-1805169.9764525539
2022-03-30,926130.6835713104
2022-03-31,2048475.495017898
2022-04-01,-266851.2139103776
2022-04-04,-1208679.02771171
2022-04-05,1805169.9764525539
2022-04-06,1397044.5904719764
2022-04-07,-643582.3394309105
2022-04-08,400276.82086556626
2022-04-11,2338872.4042733093
2022-04-12,502308.1673607107
2022-04-13,-1546167.3276571876
2022-04-14,1718835.760187432
2022-04-18,23545.695345033313
2022-04-19,-2276083.8833532203
2022-04-20,117728.47672516655
2022-04-21,2040626.929902887
2022-04-22,3869342.601700474
2022-04-25,-800553.6417311325
2022-04-26,3837948.34124043
2022-04-27,-306094.039485433
2022-04-28,-3241457.392499586
2022-04-29,4897504.631766928
2022-05-02,-737765.1208110438
2022-05-03,-572945.2533958106
2022-05-04,-3955676.8179655964
2022-05-05,4771927.58992675
2022-05-06,745613.6859260548
2022-05-09,4144042.380725863
2022-05-10,-290396.90925541084
2022-05-11,2087718.3205929538
2022-05-12,94182.78138013325
2022-05-13,-2903969.0925541082
2022-05-16,470913.9069006662
2022-05-17,-2511540.836803553
2022-05-18,5085870.194527196
2022-05-19,784856.5115011104
2022-05-20,-54939.95580507773
2022-05-23,-2268235.318238209
2022-05-24,981070.6393763879
2022-05-25,-1138041.9416766101
2022-05-26,-2480146.576343509
2022-05-27,-3139426.0460044416
2022-05-31,769159.3812710883
2022-06-01,1012464.8998364324
2022-06-02,-2393812.3600783865
2022-06-03,2142658.2763980315
2022-06-06,-423822.51621059957
2022-06-07,-1200830.462596699
2022-06-08,1404893.1555869877
2022-06-09,3068788.9599693418
2022-06-10,3680977.0389402076
2022-06-13,4662047.678316596
2022-06-14,428622.8061175622
2022-06-15,-1574668.7270742655
2022-06-16,3615084.542438103
2022-06-17,-133070.59665416327
2022-06-21,-2720554.420485116
2022-06-22,147856.21850462587
2022-06-23,-1094136.0169342316
2022-06-24,-3445049.891157783
2022-06-27,369640.54626156465
2022-06-28,2313949.8195973947
2022-06-29,125677.78572893198
2022-06-30,938886.9875043744
2022-07-01,-1116314.4497099253
2022-07-05,-199605.89498124493
2022-07-06,-421390.22273818374
2022-07-07,-1678168.0800275037
2022-07-08,110892.16387846941
2022-07-11,1315920.3446911701
2022-07-12,975851.0421305307
2022-07-13,569246.4412428095
2022-07-14,332676.49163540825
2022-07-15,-2121736.735541381
2022-07-18,924101.3656539117
2022-07-19,-3068016.5339709865
2022-07-20,-739281.0925231293
2022-07-21,-1145885.6934108506
2022-07-22,1071957.5841585377
2022-07-25,-147856.21850462587
2022-07-26,1382455.643018252
2022-07-27,-2994088.424718674
2022-07-28,-1448990.9413453336
2022-07-29,-1774274.6220555105
2022-08-01,384426.1681120272
2022-08-02,791030.7689997484
2022-08-03,-1848202.7313078234
2022-08-04,118284.9748037007
2022-08-05,162641.84035508847
2022-08-08,147856.21850462587
2022-08-09,510103.9538409593
2022-08-10,-2528341.3364291023
2022-08-11,7392.810925231293
2022-08-12,-2106951.113690919
2022-08-15,-510103.9538409593
2022-08-16,-280926.81515878916
2022-08-17,916708.5547286804
2022-08-18,-288319.6260840205
2022-08-19,1626418.4035508847
2022-08-22,2668804.744008497
2022-08-23,317890.8697849456
2022-08-24,-362247.7353363334
2022-08-25,-1722524.9455788916
2022-08-26,4184330.9836809123
2022-08-29,835387.6345511362
2022-08-30,1293741.9119154764
2022-08-31,916708.5547286804
2022-09-01,-362247.7353363334
2022-09-02,1308527.533765939
2022-09-06,413997.4118129525
2022-09-07,-2055201.4372142996
2022-09-08,-754066.7143735919
2022-09-09,-1826024.2985321297
2022-09-12,-1286349.1009902451
2022-09-13,5305038.679836092
2022-09-14,-463905.69995379355
2022-09-15,1406927.1228106855
2022-09-16,889786.3425343253
2022-09-19,-828946.2507371065
2022-09-20,1353692.0424881189
2022-09-21,2022933.052257526
2022-09-22,1041886.5720273725
2022-09-23,1916462.8916123929
2022-09-26,1186381.790045767
2022-09-27,273780.4130874847
2022-09-28,-2159823.2588012684
2022-09-29,2365158.568616882
2022-09-30,1604657.4211516464
2022-10-03,-2699779.0735015855
2022-10-04,-3437465.1865428635
2022-10-05,281385.4245621371
2022-10-06,1133146.7097232006
2022-10-07,3148474.750506074
2022-10-11,1642682.4785249082
2022-10-12,327015.4934100512
2022-10-13,-2836669.2800453277
2022-10-14,2562888.8669578433
2022-10-17,-2791039.2111974135
2022-10-18,-1323271.9965895093
2022-10-19,775711.1704145401
2022-10-20,973441.4687555012
2022-10-21,-2699779.0735015855
2022-10-24,-1376507.076912076
2022-10-25,-1855622.7998151742
2022-10-26,889786.3425343253
2022-10-27,654030.9868201024
2022-10-28,-2791039.2111974135
2022-10-31,859366.2966357159
2022-11-01,517140.78027636005
2022-11-02,2958349.4636397655
2022-11-03,1247221.881842986
2022-11-04,-1574237.375253037
2022-11-07,-1087516.6408752867
2022-11-08,-608400.9179721883
2022-11-09,2425998.6604141006
2022-11-10,-6251319.432164235
2022-11-14,-152100.22949304708
2022-11-15,-1019071.5376034153
2022-11-16,943021.4228568919
2022-11-17,403065.6081565747
2022-11-18,-570375.8605989264
2022-11-21,486720.7343777506
2022-11-22,-1589447.398202342
2022-11-23,-692056.0441933641
2022-11-25,15210.022949304706
2022-11-28,1893647.857188436
2022-11-29,250965.37866352763
2022-11-30,-3627590.4734091726
2022-12-01,-15210.022949304706
2022-12-02,190125.28686630883
2022-12-05,2197848.3161745304
2022-12-06,1771967.6735939982
2022-12-07,250965.37866352763
2022-12-08,-882181.331059673
2022-12-09,897391.3540089778
2022-12-12,-1688312.5473728224
2022-12-13,-930571.7823092677
2022-12-14,607296.25230754
2022-12-15,2565516.820972669
2022-12-16,1196001.8030138288
2022-12-19,830384.6715225547
2022-12-20,-92953.50800625612
2022-12-21,-1400499.5206275922
2022-12-22,1400499.5206275922
2022-12-23,-508145.8437675335
2022-12-27,365617.1314912741
2022-12-28,1177411.1014125776
2022-12-29,-1592603.4371738548
2022-12-30,266466.72295126755
2023-01-03,371814.03202502447
2023-01-04,-706446.6608475465
2023-01-05,1127835.8971425744
2023-01-06,-2144127.5846776413
2023-01-09,43378.303736252856
2023-01-10,-669265.257645044
2023-01-11,-1220789.4051488303
2023-01-12,-334632.628822522
2023-01-13,-365617.1314912741
2023-01-17,216891.51868126428
2023-01-18,1580209.6361063542
2023-01-19,749824.9645837994
2023-01-20,-1809494.955855119
2023-01-23,-1189804.9024800782
2023-01-24,92953.50800625612
2023-01-25,18590.70160125122
2023-01-26,-1078260.692872571
2023-01-27,-216891.51868126428
2023-01-30,1282758.4104863345
2023-01-31,-1425287.1227625937
2023-02-01,-1047276.190203819
2023-02-02,-1468665.4264988466
2023-02-03,1084457.5934063215
2023-02-06,601099.3517737896
2023-02-07,-1295152.2115538353
2023-02-08,1121638.9966088238
2023-02-09,960519.5827313133
2023-02-10,-198300.81708001305
2023-02-13,-1177411.1014125776
2023-02-14,43378.303736252856
2023-02-15,-316041.9272212708
2023-02-16,1450074.7248975956
2023-02-17,303648.12615377
2023-02-21,2026386.4745363833
2023-02-22,167316.314411261
2023-02-23,-489555.1421662823
2023-02-24,1065866.8918050702
2023-02-27,-303648.12615377
2023-02-28,309845.0266875204
2023-03-01,470964.44056503096
2023-03-02,-700249.7603137961
2023-03-03,-1611194.138775106
2023-03-06,-68165.90587125448
2023-03-07,1555422.0339713523
2023-03-08,-132954.82607678504
2023-03-09,2418218.184752919
2023-03-10,1857128.3444997906
2023-03-13,276593.58322337305
2023-03-14,-2070500.5372721069
2023-03-15,924612.8353467042
2023-03-16,-2196943.31817422
2023-03-17,1501508.0232125965
2023-03-20,-1137985.0281190206
2023-03-21,-1667464.1731466204
2023-03-22,2062597.8634657247
2023-03-23,-237080.2141914626
2023-03-24,-734948.6639935342
2023-03-27,-189664.1713531701
2023-03-28,181761.49754678798
2023-03-29,-1770198.9326295876
2023-03-30,-711240.6425743878
2023-03-31,-1825517.6492742624
2023-04-03,-505771.1236084536
2023-04-04,782364.7068318266
2023-04-05,371425.6688999581
2023-04-06,-466257.7545765432
2023-04-10,-134345.45470849547
2023-04-11,-7902.673806382088
2023-04-12,553187.1664467461
2023-04-13,-1699074.8683721488
2023-04-14,284496.25702975516
2023-04-17,-410939.0379318686
2023-04-18,-102734.75948296714
2023-04-19,47416.042838292524
2023-04-20,821878.0758637371
2023-04-21,-134345.45470849547
2023-04-24,-86929.41187020295
2023-04-25,2094208.558691253
2023-04-26,545284.492640364
2023-04-27,-2457731.553784829
2023-04-28,-1098471.65908711
2023-05-01,86929.41187020295
2023-05-02,1548924.066050889
2023-05-03,924612.8353467042
2023-05-04,1003639.573410525
2023-05-05,-2354996.794301862
2023-05-08,-79026.73806382087
2023-05-09,592700.5354786565
2023-05-10,-568992.5140595103
2023-05-11,260788.23561060888
2023-05-12,181761.49754678798
2023-05-15,-379328.3427063402
2023-05-16,853488.7710892654
2023-05-17,-1533118.718438125
2023-05-18,-1280233.1566338982
2023-05-19,229177.5403850805
2023-05-22,-7902.673806382088
2023-05-23,1461994.6541806862
2023-05-24,1035250.2686360534
2023-05-25,-1066860.9638615816
2023-05-26,-1691172.1945657667
2023-05-30,-55318.71664467461
2023-05-31,774462.0330254445
2023-06-01,-1185401.070957313
2023-06-02,-1896641.713531701
2023-06-05,221274.86657869845
2023-06-06,-276593.58322337305
2023-06-07,489965.7759956894
2023-06-08,-758656.6854126804
2023-06-09,-205469.5189659343
2023-06-12,-1204406.838953268
2023-06-13,-931434.2326007877
2023-06-14,-56695.996767004464
2023-06-15,-1708979.331119706
2023-06-16,566959.9676700446
2023-06-20,615556.5363274771
2023-06-21,826141.6671763507
2023-06-22,-469766.8303551799
2023-06-23,1125820.5072305172
2023-06-26,607457.108217905
2023-06-27,-1571289.0532569808
2023-06-28,40497.140547860334
2023-06-29,-591258.2519987609
2023-06-30,-1700879.9030101341
2023-07-03,-129590.84975315306
2023-07-05,275380.5557254503
2023-07-06,1190615.9321070937
2023-07-07,421170.26169774745
2023-07-10,-332076.5524924547
2023-07-11,-947633.0888199318
2023-07-12,-1101522.222901801
2023-07-13,-1166317.6477783776
2023-07-14,218684.55895844582
2023-07-17,-550761.1114509006
2023-07-18,-1101522.222901801
2023-07-19,-299678.84005416645
2023-07-20,1020527.9418060803
2023-07-21,24298.2843287162
2023-07-24,-607457.108217905
2023-07-25,-404971.4054786033
2023-07-26,24298.2843287162
2023-07-27,1004329.0855869363
2023-07-28,-1368803.3505176792
2023-07-31,-259181.69950630612
2023-08-01,429269.68980731955
2023-08-02,2073453.596050449
2023-08-03,502164.54279346816
2023-08-04,769445.6704093463
2023-08-07,-1287809.0694219584
2023-08-08,623655.9644370491
2023-08-09,1061025.0823539407
2023-08-10,0.0
2023-08-11,161988.56219144134
2023-08-14,-818042.2390667787
2023-08-15,1684681.0467909898
2023-08-16,1101522.222901801
2023-08-17,1150118.7915592333
2023-08-18,56695.996767004464
2023-08-21,-963831.945039076
2023-08-22,429269.68980731955
2023-08-23,-1546990.7689282647
2023-08-24,1976260.4587355843
2023-08-25,-915235.3763816435
2023-08-28,-907135.9482720714
2023-08-29,-2089652.452269593
2023-08-30,-566959.9676700446
2023-08-31,267281.1276158782
2023-09-01,-178187.41841058547
2023-09-05,615556.5363274771
2023-09-06,1004329.0855869363
2023-09-07,494065.11468389607
2023-09-08,-178187.41841058547
2023-09-11,-926794.330273734
2023-09-12,947414.6827110933
2023-09-13,-137973.01204530487
2023-09-14,-1379730.1204530485
2023-09-15,2097189.783088634
2023-09-18,-128774.81124228452
2023-09-19,423117.2369389349
2023-09-20,1582090.5381194956
2023-09-21,2759460.240906097
2023-09-22,404720.83533289423
2023-09-25,-653072.2570144429
2023-09-26,2354739.4055732028
2023-09-27,45991.004015101615
2023-09-28,-883027.277089951
2023-09-29,441513.6385449755
2023-10-02,45991.004015101615
2023-10-03,2189171.791118837
2023-10-04,-1214162.5059986827
2023-10-05,257549.62248456903
2023-10-06,-1867234.7630131254
2023-10-10,-1839640.1606040646
2023-10-11,-671468.6586204836
2023-10-12,1076189.493953378
2023-10-13,855432.6746808899
2023-10-16,-1609685.1405285567
2023-10-17,-27594.602409060968
2023-10-18,2189171.791118837
2023-10-19,1444117.5260741909
2023-10-20,2005207.7750584304
2023-10-23,248351.4216815487
2023-10-24,-1085387.6947563982
2023-10-25,2262757.3975429996
2023-10-26,1959216.7710433288
2023-10-27,689865.0602265242
2023-10-30,-1766054.554179902
2023-10-31,-975009.2851201544
2023-11-01,-1609685.1405285567
2023-11-02,-2934226.056163483
2023-11-03,-1480910.3292862722
2023-11-06,-303540.6264996707
2023-11-07,-432315.43774195516
2023-11-08,-128774.81124228452
2023-11-09,1370531.9196500282
2023-11-10,-2511108.819224548
2023-11-13,193162.2168634268
2023-11-14,-3154982.8754359707
2023-11-15,-303540.6264996707
2023-11-16,-147171.21284832517
2023-11-17,-156369.41365134547
2023-11-20,-1278549.9116198248
2023-11-21,404720.83533289423
2023-11-22,-588684.8513933007
2023-11-24,-36792.80321208129
2023-11-27,266747.82328758936
2023-11-28,-73585.60642416259
2023-11-29,137973.01204530487
2023-11-30,-643874.0562114227
2023-12-01,-883027.277089951
2023-12-04,892225.4778929714
2023-12-05,55189.204818121936
2023-12-06,699063.2610295445
2023-12-07,-1236061.361913254
2023-12-08,-656811.5884309305
2023-12-11,-606927.1639931384
2023-12-12,-623555.3054724024
2023-12-13,-2111773.967866536
2023-12-14,-440645.7492004977
2023-12-15,199537.69775116877
2023-12-18,-831407.0739632032
2023-12-19,-906233.7106198914
2023-12-20,2344567.9485762333
2023-12-21,-1563045.299050822
2023-12-22,-282678.4051474891
2023-12-26,-656811.5884309305
2023-12-27,-282678.4051474891
2023-12-28,41570.35369816016
2023-12-29,407389.4662419696
2024-01-02,1089143.2668917961
2024-01-03,1355193.5305600213
2024-01-04,565356.8102949782
2024-01-05,-174595.4855322727
2024-01-08,-2211542.816742121
2024-01-09,282678.4051474891
2024-01-10,-914547.7813595234
2024-01-11,157967.3440530086
2024-01-12,-33256.28295852813
2024-01-16,598613.0932535063
2024-01-17,906233.7106198914
2024-01-18,-1330251.318341125
2024-01-19,-1937178.4823342634
2024-01-22,-382447.2540230735
2024-01-23,-465587.96141939383
2024-01-24,-99768.84887558439
2024-01-25,-839721.1447028352
2024-01-26,232793.98070969692
2024-01-29,-1272052.823163701
2024-01-30,116396.99035484846
2024-01-31,2677130.7781615146
2024-02-01,-1928864.4115946314
2024-02-02,-1721012.6431038307
2024-02-05,606927.1639931384
2024-02-06,-424017.6077212336
2024-02-07,-1346879.4598203893
2024-02-08,-83140.70739632031
2024-02-09,-872977.4276613634
2024-02-12,91454.77813595237
2024-02-13,2327939.8070969693
2024-02-14,-1554731.22831119
2024-02-15,-947804.0643180517
2024-02-16,889605.5691406274
2024-02-20,939489.9935784197
2024-02-21,-157967.3440530086
2024-02-22,-3375512.720290605
2024-02-23,-124711.0610944805
2024-02-26,706696.0128687228
2024-02-27,-324248.75884564925
2024-02-28,299306.5466267532
2024-02-29,-756580.4373065149
2024-03-01,-1405077.9549978136
2024-03-04,257736.192928593
2024-03-05,1742436.9474722687
2024-03-06,-983199.6623417452
2024-03-07,-1892195.5765822267
2024-03-08,1196535.4381328786
2024-03-11,250437.6498417653
2024-03-12,-2059154.00981007
2024-03-13,324641.39794302906
2024-03-14,537977.1737341625
2024-03-15,1307841.0602847743
2024-03-18,-1187259.9696202206
2024-03-19,-1001750.5993670612
2024-03-20,-1669584.3322784354
2024-03-21,-584354.5162974523
2024-03-22,343192.334968345
2024-03-25,556528.1107594784
2024-03-26,482324.36265821464
2024-03-27,-1595380.5841771713
2024-03-28,-9275.468512657973
2024-04-01,491599.8311708726
2024-04-02,1289290.1232594582
2024-04-03,-222611.24430379138
2024-04-04,2569304.7780062584
2024-04-05,-2068429.478322728
2024-04-08,-9275.468512657973
2024-04-09,-259713.11835442326
2024-04-10,1947848.3876581744
2024-04-11,-1317116.528797432
2024-04-12,2810466.959335366
2024-04-15,2355969.002215125
2024-04-16,426671.5515822668
2024-04-17,1122331.6900316149
2024-04-18,491599.8311708726
2024-04-19,1678859.8007910931
2024-04-22,-1623206.9897151452
2024-04-23,-2189010.5689872815
2024-04-24,-37101.87405063189
2024-04-25,936822.3197784553
2024-04-26,-1827267.2969936207
2024-04-29,-575079.0477847944
2024-04-30,2968149.9240505514
2024-05-01,760588.4180379538
2024-05-02,-1669584.3322784354
2024-05-03,-2346693.533702467
2024-05-06,-1920021.9821202005
2024-05-07,-268988.58686708123
2024-05-08,37101.87405063189
2024-05-09,-973924.1938290872
2024-05-10,-268988.58686708123
2024-05-13,27826.405537973922
2024-05-14,-890444.9772151655
2024-05-15,-2355969.002215125
2024-05-16,473048.89414555667
2024-05-17,-259713.11835442326
2024-05-20,-166958.43322784352
2024-05-21,-500875.2996835306
2024-05-22,640007.3273734001
2024-05-23,1586105.1156645133
2024-05-24,-1344942.9343354062
2024-05-28,-120581.09066455366
2024-05-29,1511901.3675632495
2024-05-30,1150158.0955695887
2024-05-31,-1576829.6471518553
2024-06-03,-64928.279588605816
2024-06-04,-250437.6498417653
2024-06-05,-2300316.1911391774
2024-06-06,74203.74810126379
2024-06-07,306090.4609177131
2024-06-10,-575079.0477847944
2024-06-11,-473048.89414555667
2024-06-12,-1613931.5212024872
2024-06-13,-408120.6145569508
2024-06-14,37101.87405063189
2024-06-17,-1521176.8360759076
2024-06-18,-467304.5383104984
2024-06-20,511185.7873957796
2024-06-21,343583.8898889666
2024-06-24,578226.5463985048
2024-06-25,-670407.5900272519
2024-06-26,-217882.46675885684
2024-06-27,-83800.94875340648
2024-06-28,821249.2977833835
2024-07-01,-410624.64889169176
2024-07-02,-1173213.282547691
2024-07-03,-720688.1592792958
2024-07-05,-1047511.859417581
2024-07-08,-125701.42313010975
2024-07-09,-201122.27700817556
2024-07-10,-1902281.5367023272
2024-07-11,1617358.3109407453
2024-07-12,-838009.4875340648
2024-07-15,-611746.9258998673
2024-07-16,-1148072.997921669
2024-07-17,2622969.695981623
2024-07-18,1491656.8878106354
2024-07-19,1365955.4646805257
2024-07-22,-1910661.6315776678
2024-07-23,385484.36426566984
2024-07-24,4265468.29154839
2024-07-25,1030751.6696668997
2024-07-26,-1935801.9162036898
2024-07-29,-134081.51800545037
2024-07-30,1022371.5747915593
2024-07-31,-2865992.4473665017
2024-08-01,2606209.506230942
2024-08-02,3494499.5630170503
2024-08-05,5312980.150965972
2024-08-06,-1634118.5006914265
2024-08-07,1298914.7056778006
2024-08-08,-4047585.8247895334
2024-08-09,-737448.3490299771
2024-08-12,16760.189750681297
2024-08-13,-2991693.8704966116
2024-08-14,-603366.8310245267
2024-08-15,-3033594.3448733147
2024-08-16,-360344.0796396479
2024-08-19,-1734679.6391955144
2024-08-20,343583.8898889666
2024-08-21,-729068.2541546364
2024-08-22,1592218.0263147233
2024-08-23,-1960942.200829712
2024-08-26,519565.88227112027
2024-08-27,-259782.94113556013
2024-08-28,1156453.0927970095
2024-08-29,8380.094875340648
2024-08-30,-1709539.3545694922
2024-09-03,3997305.2555374894
2024-09-04,393864.4591410105
2024-09-05,594986.736149186
2024-09-06,3109015.1987513807
2024-09-09,-2011222.770081756
2024-09-10,-821249.2977833835
2024-09-11,-1919041.7264530086
2024-09-12,-1374335.5595558663
2024-09-13,-921810.4362874713
2024-09-16,-276543.1308862414
2024-09-17,-37159.65468915913
2024-09-18,795118.7661550055
2024-09-19,-3847982.1769476817
2024-09-20,628241.9880730909
2024-09-23,-579160.5827548807
2024-09-24,-598793.1448821647
2024-09-25,510446.6153093863
2024-09-26,-1001260.6684914884
2024-09-27,520262.89637302834
2024-09-30,-903097.857855068
2024-10-01,2139949.271873966
2024-10-02,-19632.56212728409
2024-10-03,422100.0857366079
2024-10-04,-1982888.7748556929
2024-10-07,2169398.1150648915
2024-10-08,-2189030.6771921758
2024-10-09,-1600053.8133736532
2024-10-10,480997.7721184602
2024-10-11,-1207402.5708279714
2024-10-15,-117795.37276370454
2024-10-16,-952179.2631732784
2024-10-17,0.0
2024-10-18,-746037.3608367954
2024-10-21,382834.9614820397
2024-10-22,147244.21595463066
2024-10-23,2149765.5529376077
2024-10-24,-441732.647863892
2024-10-25,117795.37276370454
2024-10-28,-608609.4259458068
2024-10-29,-373018.6804183977
2024-10-30,746037.3608367954
2024-10-31,4456591.6028934885
2024-11-01,-775486.2040277215
2024-11-04,588976.8638185227
2024-11-05,-2709293.573565204
2024-11-06,-5732708.141166954
2024-11-07,-1786563.153582852
2024-11-08,-844200.1714732158
2024-11-12,480997.7721184602
2024-11-13,-117795.37276370454
2024-11-14,1482258.4406099487
2024-11-15,3209923.907810949
2024-11-18,-922730.4199823522
2024-11-19,-736221.0797731534
2024-11-20,39265.12425456818
2024-11-21,-1285932.819337108
2024-11-22,-647874.5502003749
2024-11-25,-765669.9229640794
2024-11-26,-1246667.6950825397
2024-11-27,912914.1389187102
2024-11-29,-1433177.0352917386
2024-12-02,-402467.52360932383
2024-12-03,-58897.68638185227
2024-12-04,-1384095.6299735282
2024-12-05,382834.9614820397
2024-12-06,-402467.52360932383
2024-12-09,1305565.381464392
2024-12-10,765669.9229640794
2024-12-11,-1825828.2778374203
2024-12-12,1256483.9761461818
2024-12-13,206141.90233648292
2024-12-16,-985716.5471356418
2024-12-17,1136973.738909212
2024-12-18,7948190.24957094
2024-12-19,265648.0698386009
2024-12-20,-2879625.077050434
2024-12-23,-1455751.422715533
2024-12-24,-2635228.852798921
2024-12-26,116885.1507289844
2024-12-27,2900876.9226375218
2024-12-30,2900876.9226375218
2024-12-31,977584.8970060514
2025-01-02,818196.0551028908
2025-01-03,-3102769.4557148586
2025-01-06,-1317614.4263994605
2025-01-07,2815869.5402891696
2025-01-08,-212518.45587088075
2025-01-10,3952843.2791983816
2025-01-13,-350655.4521869532
2025-01-14,-329403.60659986513
2025-01-15,-4537269.032843303
2025-01-16,573799.830851378
2025-01-17,-2465214.0881022164
2025-01-21,-2157062.327089439
2025-01-22,-1540758.8050638854
2025-01-23,-1338866.2719865486
2025-01-24,796944.2095158028
2025-01-27,3676569.2865662365
2025-01-28,-2135810.4815023514
2025-01-29,1253858.8896381964
2025-01-30,-1349492.1947800925
2025-01-31,1360118.1175736366
2025-02-03,1912666.1028379265
2025-02-04,-1732025.4153476781
2025-02-05,-998836.7425931394
2025-02-06,-828821.9778964348
2025-02-07,2401458.551340952
2025-02-10,-1668269.8785864138
2025-02-11,-148762.91910961652
2025-02-12,828821.9778964348
2025-02-13,-2656480.698386009
2025-02-14,138136.99631607247
2025-02-18,-626929.4448190982
2025-02-19,-690684.9815803624
2025-02-20,1126347.8161156678
2025-02-21,4569146.801223936
2025-02-24,1200729.275670476
2025-02-25,1306988.5036059164
2025-02-26,-31877.768380632107
2025-02-27,4016598.8159596454
2025-02-28,-3697821.132153325
2025-03-03,4356628.345353055
2025-03-04,3028387.9961600504
2025-03-05,-2624602.930005377
2025-03-06,4462887.573288496
2025-03-07,-1264484.8124317403
2025-03-10,6598698.054790846
2025-03-11,1859536.4888702065
2025-03-12,-1179477.430083388
2025-03-13,3283410.143205107
2025-03-14,-4781665.257094816
2025-03-17,-1710773.5697605899
2025-03-18,2641722.9824872534
2025-03-19,-2427996.341268348
2025-03-20,682246.9058109408
2025-03-21,-220726.94011530434
2025-03-24,-3902853.6229478815
2025-03-25,-441453.8802306087
2025-03-26,2688855.4523137077
2025-03-27,812676.4613336206
2025-03-28,4665364.870618933
2025-03-31,-1213998.170634174
2025-04-01,-852808.632263676
2025-04-02,-1514989.452609589
2025-04-03,11216941.774950467
2025-04-04,12942625.124942847
2025-04-07,521718.22209071944
2025-04-08,3090177.161614261
2025-04-09,-18892219.46532355
2025-04-10,7584980.305780459
2025-04-11,-3581796.255507439
2025-04-14,-1986542.4610377392
2025-04-15,501652.1366256918
2025-04-16,4916190.938931779
2025-04-17,-280925.19651038735
2025-04-21,5136917.879047084
2025-04-22,-5217182.220907195
2025-04-23,-3491498.8709148145
2025-04-24,-4394472.71684106
2025-04-25,-1545088.5808071306
2025-04-28,-130429.55552267986
2025-04-29,-1234064.2560992017
2025-04-30,-130429.55552267986
2025-05-01,-1454791.1962145062
2025-05-02,-3441333.657252245
2025-05-05,1494923.3671445614
2025-05-06,1846079.8627825454
2025-05-07,-1053469.4869139527
2025-05-08,-1304295.5552267986
2025-05-09,260859.11104535972
2025-05-12,-7504715.963920348
2025-05-13,-1585220.7517371858
2025-05-14,-160528.68372022136
2025-05-15,-993271.2305188696
2025-05-16,-1695584.2217948379
2025-05-19,-280925.19651038735
2025-05-20,913006.888658759
2025-05-21,3953018.836610451
2025-05-22,180594.76918524902
2025-05-23,1595253.7944696997
2025-05-27,-4705497.041548989
2025-05-28,1264163.384296743
2025-05-29,-802643.4186011067
2025-05-30,270892.15377787355
2025-06-02,-1254130.3415642292
2025-06-03,-1374526.8543543953
2025-06-04,20066.08546502767
2025-06-05,1404625.9825519368
2025-06-06,-2438029.3840008616
2025-06-09,-140462.59825519368
2025-06-10,-1394592.939819423
2025-06-11,642114.7348808855
2025-06-12,-822709.5040661345
2025-06-13,2819285.0078363875
2025-06-16,-2267467.6575481268
2025-06-17,2032652.745909832
2025-06-18,174107.22073776796
2025-06-20,665704.0792914658
2025-06-23,-2417017.887889014
2025-06-24,-2836923.537903631
2025-06-25,-30724.803659606114
2025-06-26,-1966387.4342147913
2025-06-27,-1177784.140284901
2025-06-30,-1228992.1463842446
2025-07-01,204832.02439737407
2025-07-02,-1075368.128086214
2025-07-03,-2017595.4403141346
2025-07-07,1976629.0354346598
2025-07-08,163865.61951789926
2025-07-09,-1444065.7720014872
2025-07-10,-696428.8829510718
2025-07-11,993435.3183272644
2025-07-14,-450630.453674223
2025-07-15,1106092.93174582
2025-07-16,-788603.2939298903
2025-07-17,-1525998.581760437
2025-07-18,235556.82805698022
2025-07-21,-409664.04879474815
2025-07-22,-81932.80975894963
2025-07-23,-2027837.0415340036
2025-07-24,-215073.6256172428
2025-07-25,-962710.5146676583
2025-07-28,92174.41097881833
2025-07-29,686187.2817312032
2025-07-30,399422.44757487945
2025-07-31,901260.907348446
2025-08-01,4496062.935522361
2025-08-04,-3748426.046471946
2025-08-05,1259716.9500438506
2025-08-06,-1874213.023235973
2025-08-07,184348.82195763665
2025-08-08,-1925421.0293353165
2025-08-11,563288.0670927787
2025-08-12,-2816440.3354638936
2025-08-13,-829569.698809365
2025-08-14,-71691.20853908094
2025-08-15,778361.6927100215
2025-08-18,92174.41097881833
2025-08-19,1505515.3793206995
2025-08-20,788603.2939298903
2025-08-21,1024160.1219868704
2025-08-22,-3891808.463550107
2025-08-25,1136817.7354054262
2025-08-26,-1106092.93174582
2025-08-27,-553046.46587291
2025-08-28,-880777.7049087086
2025-08-29,1833246.6183564982
2025-09-02,1935662.630555185
2025-09-03,-1300683.3549233254
2025-09-04,-2191702.661051903
2025-09-05,860294.5024689712
2025-09-08,-665704.0792914658
2025-09-09,-645220.8768517284
2025-09-10,-737395.2878305466
2025-09-11,-2160977.8573922967
2025-09-12,174107.22073776796
2025-09-15,-1366403.105174877
2025-09-16,522128.3317658981
2025-09-17,388818.9704639667
2025-09-18,-1544166.7684140392
2025-09-19,-1288657.1592520038
2025-09-22,-1333093.6130193144
2025-09-23,1666367.016274143
2025-09-24,1010929.3232063133
2025-09-25,1444184.7474375905
2025-09-26,-1633039.6759486601
2025-09-29,-755419.7140442781
2025-09-30,-1122020.4576245896
2025-10-01,-1010929.3232063133
2025-10-02,-233291.38227838
2025-10-03,122200.24786010382
2025-10-06,-1099802.2307409344
2025-10-07,1210893.3651592105
2025-10-08,-1766349.0372505917
2025-10-09,977601.9828808305
2025-10-10,8176307.493185128
2025-10-14,-4054826.406267081
2025-10-15,-1266438.9323683486
2025-10-16,2055185.9867381095
2025-10-17,-1499730.3146467286
2025-10-20,-3166097.3309208713
2025-10-21,22218.22688365524
2025-10-22,1610821.449065005
2025-10-23,-1688585.2431577984
2025-10-24,-2310695.595900145
2025-10-27,-3610461.8685939764
2025-10-28,-777637.9409279334
2025-10-29,133309.36130193144
2025-10-30,2988351.51585163
2025-10-31,-822074.3946952438
2025-11-03,-388818.9704639667
2025-11-04,3599352.755152149
2025-11-05,-1044256.6635317962
2025-11-06,3454934.28040839
2025-11-07,-277727.83604569046
2025-11-10,-4576954.738032979
2025-11-12,-844292.6215788992
2025-11-13,5143519.523566188
2025-11-14,211073.1553947248
2025-11-17,2810605.700782388
2025-11-18,2321804.7093419726
2025-11-19,-966492.8694390029
2025-11-20,4621391.19180029
2025-11-21,-2788387.4738987326
2025-11-24,-4488081.830498358
2025-11-25,-2677296.3394804564
2025-11-26,-2066295.1001799374
2025-11-28,-1399748.2936702801
2025-12-01,1455293.8608794182
2025-12-02,-599892.1258586914
2025-12-03,-966492.8694390029
2025-12-04,-211073.1553947248
2025-12-05,-511019.2183240705
2025-12-08,999820.2097644858
2025-12-09,333273.4032548286
2025-12-10,-1932985.7388780059
2025-12-11,-688765.0333933124
2025-12-12,3399388.713199252
2025-12-15,340033.26087131375
2025-12-16,1050951.969666585
2025-12-17,0.0
2025-12-18,0.0
2025-12-19,0.0
2025-12-22,0.0
2025-12-23,0.0
2025-12-24,0.0
2025-12-26,0.0
2025-12-29,0.0
2025-12-30,0.0
2025-12-31,0.0
2026-01-02,0.0
2026-01-05,0.0
2026-01-06,0.0
2026-01-07,0.0
2026-01-08,0.0
2026-01-09,0.0
2026-01-12,0.0
2026-01-13,0.0
2026-01-14,0.0
2026-01-15,0.0
2026-01-16,0.0
2026-01-20,0.0
2026-01-21,0.0
2026-01-22,0.0
2026-01-23,0.0
2026-01-26,0.0
2026-01-27,0.0
2026-01-28,0.0
2026-01-29,0.0
2026-01-30,0.0
2026-02-02,0.0
2026-02-03,0.0
2026-02-04,0.0
2026-02-05,0.0
2026-02-06,0.0
2026-02-09,0.0
2026-02-10,0.0
2026-02-11,0.0
2026-02-12,0.0
2026-02-13,0.0
2026-02-17,0.0
2026-02-18,0.0
2026-02-19,0.0
2026-02-20,0.0
2026-02-23,0.0
2026-02-24,0.0
2026-02-25,0.0
2026-02-26,0.0
2026-02-27,0.0
2026-03-02,0.0
2026-03-03,0.0
2026-03-04,0.0
2026-03-05,0.0
2026-03-06,0.0
2026-03-09,0.0
2026-03-10,0.0
2026-03-11,0.0
2026-03-12,0.0
2026-03-13,0.0
2026-03-16,0.0
2026-03-17,0.0
2026-03-18,0.0
2026-03-19,0.0
2026-03-20,0.0
