Date,nav
2021-09-21,99798742.55848701
2021-09-22,99639927.72540796
2021-09-23,99559863.1113891
2021-09-24,100004380.94297431
2021-09-27,100030040.18947923
2021-09-28,99748372.00653696
2021-09-29,99565203.27908394
2021-09-30,100160442.06510735
2021-10-01,100147572.81489004
2021-10-04,99279004.16763335
2021-10-05,99519403.47467276
2021-10-06,99778505.21173052
2021-10-07,99788430.85022664
2021-10-08,99728397.48655054
2021-10-11,99688850.87502232
2021-10-12,99462214.92830823
2021-10-13,99355833.61585306
2021-10-14,99149377.58984205
2021-10-15,99560505.04438771
2021-10-18,100365021.3361787
2021-10-19,100335315.28772849
2021-10-20,99721311.08064839
2021-10-21,100067760.21930036
2021-10-22,99340861.32474977
2021-10-25,100451803.1741526
2021-10-26,100978973.88887453
2021-10-27,101374831.45621675
2021-10-28,101327813.47763212
2021-10-29,102001955.37474711
2021-11-01,102425810.5499487
2021-11-02,102205522.08922529
2021-11-03,102446789.4717104
2021-11-04,103866455.82183374
2021-11-05,104061437.93037999
2021-11-08,103850750.79725032
2021-11-09,102524403.49733675
2021-11-10,102569074.54545616
2021-11-11,102516354.8289398
2021-11-12,102617752.09058991
2021-11-15,102385302.24197055
2021-11-16,102471842.32137899
2021-11-17,102347831.61911179
2021-11-18,103621933.26284227
2021-11-19,104777363.42403692
2021-11-22,104045468.96114698
2021-11-23,103607887.7323503
2021-11-24,104091895.34378402
2021-11-26,103766923.96001466
2021-11-29,104584919.4916233
2021-11-30,105224191.68367736
2021-12-01,104860026.30902211
2021-12-02,103967144.67938475
2021-12-03,102886099.50606309
2021-12-06,102924080.1841305
2021-12-07,103784253.02701592
2021-12-08,104032221.46008937
2021-12-09,103599924.71273446
2021-12-10,103097869.007446
2021-12-13,102270732.7345498
2021-12-14,102545324.38702591
2021-12-15,102852351.50714925
2021-12-16,101672795.34648007
2021-12-17,101957388.59453303
2021-12-20,101936008.12902007
2021-12-21,102132417.76231143
2021-12-22,102520564.79011045
2021-12-23,102691704.00462657
2021-12-27,102659912.46298414
2021-12-28,102449373.22940022
2021-12-29,102034547.42407912
2021-12-30,101900502.03126466
2021-12-31,101290996.06889524
2022-01-03,103378556.26229501
2022-01-04,102431918.06951837
2022-01-05,101614381.11788128
2022-01-06,101750457.8508303
2022-01-07,101560314.3265156
2022-01-10,101762545.31056379
2022-01-11,101566000.44933821
2022-01-12,102025439.19929044
2022-01-13,101001290.72674696
2022-01-14,101081236.8533389
2022-01-18,100973122.86310187
2022-01-19,100959888.68064088
2022-01-20,101078483.62807287
2022-01-21,100379500.860549
2022-01-24,99828119.9490385
2022-01-25,99937473.98751946
2022-01-26,101083502.53414226
2022-01-27,100317388.8357458
2022-01-28,100972482.11603777
2022-01-31,101885468.66885568
2022-02-01,101803260.37781774
2022-02-02,101872650.69092232
2022-02-03,99313764.33156261
2022-02-04,100744463.55500077
2022-02-07,100131998.99946482
2022-02-08,100006019.75230144
2022-02-09,100119756.2693138
2022-02-10,100249059.46901871
2022-02-11,99658649.69168583
2022-02-14,100373875.65402347
2022-02-15,100939965.86419068
2022-02-16,100813072.84727687
2022-02-17,100163885.19829966
2022-02-18,99764245.315896
2022-02-22,99695201.32185203
2022-02-23,99178138.88981788
2022-02-24,99950402.03445743
2022-02-25,98934583.96446982
2022-02-28,99592403.08857247
2022-03-01,99413422.2601654
2022-03-02,98667569.92950463
2022-03-03,97933590.92297506
2022-03-04,97153292.99830267
2022-03-07,96961324.94624503
2022-03-08,97791244.13799272
2022-03-09,98397481.98334941
2022-03-10,98281159.08807577
2022-03-11,97805899.10612927
2022-03-14,97442706.8948105
2022-03-15,98164585.27300008
2022-03-16,98624333.78386945
2022-03-17,98390900.72306596
2022-03-18,99230664.97122051
2022-03-21,99306725.72365111
2022-03-22,99756579.54398403
2022-03-23,100389839.68471724
2022-03-24,100727230.39847593
2022-03-25,100232669.68517417
2022-03-28,101031574.5048
2022-03-29,100627786.29438476
2022-03-30,100530137.93693075
2022-03-31,100598237.17277563
2022-04-01,100635529.3802328
2022-04-04,101698486.88178468
2022-04-05,101374788.51087432
2022-04-06,99854279.43006961
2022-04-07,99001781.18897186
2022-04-08,98151773.19733608
2022-04-11,97683082.61543739
2022-04-12,97635475.85522094
2022-04-13,97460477.13490456
2022-04-14,96929439.75657636
2022-04-18,97647611.27498579
2022-04-19,97567833.19700909
2022-04-20,95860536.71150002
2022-04-21,95977648.78733711
2022-04-22,97352566.43951541
2022-04-25,97818966.63675383
2022-04-26,97360323.2216648
2022-04-27,96978948.33309291
2022-04-28,97887514.29199733
2022-04-29,98598456.19726108
2022-05-02,99564031.75083995
2022-05-03,99224819.56976762
2022-05-04,98437799.93161683
2022-05-05,98024544.40860711
2022-05-06,98032193.86123395
2022-05-09,98265277.74181648
2022-05-10,98769993.2112711
2022-05-11,98197121.56438963
2022-05-12,97744737.16564462
2022-05-13,97906103.94255893
2022-05-16,97264826.56517631
2022-05-17,97276882.37071908
2022-05-18,98286113.48753457
2022-05-19,98461833.38025789
2022-05-20,97805662.00552197
2022-05-23,97753854.78296722
2022-05-24,96209720.99850483
2022-05-25,96355423.83075736
2022-05-26,96453808.5236903
2022-05-27,96264000.88713355
2022-05-31,97256512.89084987
2022-06-01,97433349.59372558
2022-06-02,97709825.27580003
2022-06-03,96952482.74439757
2022-06-06,97211183.3760497
2022-06-07,96539155.19958673
2022-06-08,97480467.81372993
2022-06-09,97836174.60135211
2022-06-10,98070566.91141881
2022-06-13,98780818.09885363
2022-06-14,99313079.10489908
2022-06-15,100150399.27168515
2022-06-16,100593387.68340546
2022-06-17,101322856.38537368
2022-06-21,100911904.33769232
2022-06-22,100884800.98315574
2022-06-23,100743158.44802946
2022-06-24,100712196.33289576
2022-06-27,100237998.0064055
2022-06-28,99442312.7370685
2022-06-29,99706901.38506795
2022-06-30,99208223.67529194
2022-07-01,98544475.91882999
2022-07-05,100079859.97338669
2022-07-06,100106557.10257632
2022-07-07,100446789.40967938
2022-07-08,100695362.49593398
2022-07-11,99836374.86295156
2022-07-12,100025637.73772173
2022-07-13,100509592.1386056
2022-07-14,100674447.95215678
2022-07-15,100358496.54431732
2022-07-18,100767030.68869317
2022-07-19,100235269.78426605
2022-07-20,100836743.73065941
2022-07-21,101278822.14247337
2022-07-22,100322708.9333172
2022-07-25,99602101.32750739
2022-07-26,98906528.64557415
2022-07-27,99659540.7931312
2022-07-28,98573035.05174915
2022-07-29,98934983.0035868
2022-08-01,99124196.10165152
2022-08-02,99405944.29876383
2022-08-03,99913513.86853987
2022-08-04,100529751.25547314
2022-08-05,99911807.9244818
2022-08-08,99231762.97926056
2022-08-09,98917409.77659479
2022-08-10,99189290.80751826
2022-08-11,98426746.01114495
2022-08-12,98155887.01943302
2022-08-15,98543898.68473111
2022-08-16,98278271.43116601
2022-08-17,98103649.01128273
2022-08-18,97913993.50268708
2022-08-19,97530013.01079373
2022-08-22,97852675.47094935
2022-08-23,98033576.8189124
2022-08-24,97814593.10947433
2022-08-25,97882509.29953548
2022-08-26,98157243.34122226
2022-08-29,98027526.92835268
2022-08-30,98414191.8597909
2022-08-31,98815708.78496218
2022-09-01,98502878.34223421
2022-09-02,98420947.56303096
2022-09-06,98483292.68077476
2022-09-07,97934100.6928677
2022-09-08,97765353.24435896
2022-09-09,97906544.40513712
2022-09-12,97631653.68764986
2022-09-13,97848095.6743973
2022-09-14,97997976.5072617
2022-09-15,98462065.89167415
2022-09-16,99005722.13946888
2022-09-19,98858951.93101431
2022-09-20,99414293.11620693
2022-09-21,99801620.72269998
2022-09-22,100116529.97548059
2022-09-23,100697244.05665775
2022-09-26,101170287.21349294
2022-09-27,101334567.46507946
2022-09-28,100746926.66533256
2022-09-29,100797031.83058551
2022-09-30,101279682.11039983
2022-10-03,99669471.36001724
2022-10-04,98688174.17623137
2022-10-05,98604078.64920531
2022-10-06,99016547.02777384
2022-10-07,99074702.42072558
2022-10-10,99282703.3402162
2022-10-11,98905476.34732124
2022-10-12,99274850.07774425
2022-10-13,98489462.18655266
2022-10-14,98780078.01272391
2022-10-17,99163408.37877017
2022-10-18,98450922.00811347
2022-10-19,98885945.94997762
2022-10-20,99360926.86219475
2022-10-21,98499591.65463667
2022-10-24,97636084.32214166
2022-10-25,97741637.41945538
2022-10-26,96692762.75422595
2022-10-27,94689195.0299809
2022-10-28,93619294.83678049
2022-10-31,93165370.52305587
2022-11-01,92949387.58162478
2022-11-02,93262442.89542331
2022-11-03,93250357.4072069
2022-11-04,92929193.7089217
2022-11-07,92630413.26458675
2022-11-08,92100636.38397771
2022-11-09,92661617.02213101
2022-11-10,92309750.76590104
2022-11-11,92300319.51956183
2022-11-14,92819300.2437702
2022-11-15,92790319.3458604
2022-11-16,92684396.27829084
2022-11-17,92621471.83775552
2022-11-18,91842603.67376946
2022-11-21,90975575.13827662
2022-11-22,90659676.09283179
2022-11-23,91350657.99027172
2022-11-25,90969937.76164071
2022-11-28,91757291.93429872
2022-11-29,91452298.52574547
2022-11-30,91870050.14051943
2022-12-01,91952175.84346618
2022-12-02,92018692.86724508
2022-12-05,92523893.34027222
2022-12-06,92224898.46440026
2022-12-07,91989655.81014791
2022-12-08,92077484.03193043
2022-12-09,92791489.47009179
2022-12-12,91747546.33800288
2022-12-13,91673419.59101757
2022-12-14,91743669.08051682
2022-12-15,91902235.76615188
2022-12-16,92257046.25780755
2022-12-19,91896014.01854841
2022-12-20,91465861.54688174
2022-12-21,91094408.78627925
2022-12-22,90138375.43618006
2022-12-23,89826070.34783575
2022-12-27,88283424.25642455
2022-12-28,89022826.39609283
2022-12-29,89587553.94236374
2022-12-30,89893771.51825294
2023-01-03,89537361.90840739
2023-01-04,89528195.45377694
2023-01-05,89432342.4555314
2023-01-06,89086991.38724817
2023-01-09,90002476.73802096
2023-01-10,90094363.83635804
2023-01-11,90373531.93318197
2023-01-12,90604555.05913445
2023-01-13,90939257.272701
2023-01-17,91718183.93886201
2023-01-18,92106581.34843865
2023-01-19,92478661.69233876
2023-01-20,93000155.28709324
2023-01-23,93806500.5858321
2023-01-24,93781702.91446988
2023-01-25,93674749.69332708
2023-01-26,94792995.90487567
2023-01-27,96769692.22488306
2023-01-30,95531627.55589499
2023-01-31,95508060.96933967
2023-02-01,96338468.01656961
2023-02-02,99495886.3972464
2023-02-03,99389938.58840476
2023-02-06,99660702.83072367
2023-02-07,100344640.2477201
2023-02-08,100109527.27008946
2023-02-09,100109434.07484129
2023-02-10,98740771.02102081
2023-02-13,98769881.90687357
2023-02-14,100009690.78922261
2023-02-15,99985966.03578556
2023-02-16,99303575.83271791
2023-02-17,99378798.94019023
2023-02-21,99267902.81150506
2023-02-22,99562324.06775114
2023-02-23,100575322.89830913
2023-02-24,100364751.9199599
2023-02-27,100865109.27838197
2023-02-28,101195949.06512204
2023-03-01,100714823.4202584
2023-03-02,100090846.67005654
2023-03-03,100855914.73107107
2023-03-06,100875689.1447906
2023-03-07,101172604.98840955
2023-03-08,101106338.83597255
2023-03-09,101463746.6254305
2023-03-10,102604068.05992123
2023-03-13,103362802.25840415
2023-03-14,104059543.1273088
2023-03-15,105096683.15624458
2023-03-16,105365276.6025407
2023-03-17,105942650.60543738
2023-03-20,105103570.90203811
2023-03-21,105619914.15276691
2023-03-22,106419075.063149
2023-03-23,107220596.15144973
2023-03-24,106332152.80305462
2023-03-27,105797549.60653399
2023-03-28,105310477.79064423
2023-03-29,105090958.01133229
2023-03-30,104966253.2575406
2023-03-31,105061273.95362352
2023-04-03,104356246.06987841
2023-04-04,104988064.55338857
2023-04-05,104644292.34468359
2023-04-06,105032003.54970415
2023-04-10,104614573.27850498
2023-04-11,104076546.89998771
2023-04-12,103754308.10289294
2023-04-13,104185758.49755119
2023-04-14,105339141.40422577
2023-04-17,104909227.22703119
2023-04-18,104585271.28116125
2023-04-19,104698171.38513365
2023-04-20,104213333.96607503
2023-04-21,104301454.96189032
2023-04-24,103923498.09120512
2023-04-25,104313054.73586991
2023-04-26,105306398.60572198
2023-04-27,106189942.85892501
2023-04-28,105629281.9963693
2023-05-01,105900844.92543083
2023-05-02,106565405.86074518
2023-05-03,106814738.0583846
2023-05-04,107335613.90004748
2023-05-05,107206763.2990189
2023-05-08,107583702.70002389
2023-05-09,107634744.46899453
2023-05-10,108088155.47830632
2023-05-11,109050066.01106647
2023-05-12,108505313.22614565
2023-05-15,108515799.28417638
2023-05-16,109810323.18561837
2023-05-17,110013496.64733899
2023-05-18,110374651.92722325
2023-05-19,110427423.8991061
2023-05-22,110889913.62671009
2023-05-23,110980357.39962167
2023-05-24,111686024.36265616
2023-05-25,113791599.969012
2023-05-26,114364502.29857478
2023-05-30,115093059.56014253
2023-05-31,115110172.51014787
2023-06-01,115943185.90816589
2023-06-02,115144560.0876514
2023-06-05,115495488.79856241
2023-06-06,115464274.09970486
2023-06-07,114141091.9172348
2023-06-08,114713198.6196604
2023-06-09,115087909.18188807
2023-06-12,115469763.68608616
2023-06-13,115473234.46807696
2023-06-14,116088500.99903806
2023-06-15,115714920.50332284
2023-06-16,116104504.0790971
2023-06-20,117430617.77801389
2023-06-21,116765596.07473963
2023-06-22,117744972.41927887
2023-06-23,118112129.42142889
2023-06-26,116052594.86029398
2023-06-27,116171363.50835927
2023-06-28,116450487.21815354
2023-06-29,116273277.45919454
2023-06-30,116555197.77664176
2023-07-03,117017375.73337086
2023-07-05,117807498.54547335
2023-07-06,118155434.94300014
2023-07-07,118201569.99260764
2023-07-10,117041572.1347295
2023-07-11,116774076.70065013
2023-07-12,117344829.4399055
2023-07-13,118433149.28345044
2023-07-14,118859634.95921564
2023-07-17,119352634.95574637
2023-07-18,118880653.8283549
2023-07-19,118596641.7726027
2023-07-20,117118919.9554472
2023-07-21,116288073.39645815
2023-07-24,116578005.2350112
2023-07-25,116666213.7163387
2023-07-26,116977120.91873688
2023-07-27,117723402.188147
2023-07-28,118920666.09178084
2023-07-31,118237805.25141889
2023-08-01,118290437.53651483
2023-08-02,117817970.20919806
2023-08-03,118726713.06783196
2023-08-04,119490043.6653335
2023-08-07,119414809.55058454
2023-08-08,119134986.43458876
2023-08-09,118241689.51201048
2023-08-10,118407551.04706
2023-08-11,117937854.66193338
2023-08-14,118701419.25535676
2023-08-15,118834352.36165643
2023-08-16,118614953.73098387
2023-08-17,118640781.64640024
2023-08-18,118112346.18614838
2023-08-21,119491108.18991557
2023-08-22,119457765.47347109
2023-08-23,119628340.90096124
2023-08-24,119737193.478137
2023-08-25,119621159.3251549
2023-08-28,119317629.60857223
2023-08-29,120027716.37826002
2023-08-30,119781879.81189325
2023-08-31,120096790.9161643
2023-09-01,119288401.91781133
2023-09-05,120507731.12692167
2023-09-06,119957617.8256508
2023-09-07,120133987.6184364
2023-09-08,119998176.07741338
2023-09-11,121447957.8249618
2023-09-12,121305602.58085065
2023-09-13,122148492.116043
2023-09-14,121499906.12733865
2023-09-15,121601749.68416287
2023-09-18,121658899.3623361
2023-09-19,121867104.89573078
2023-09-20,121507535.73478189
2023-09-21,122042206.52499333
2023-09-22,121913059.03136066
2023-09-25,121928801.02025226
2023-09-26,122421453.9504374
2023-09-27,122422618.14320447
2023-09-28,122665832.53329639
2023-09-29,122977558.90161881
2023-10-02,124498450.83242674
2023-10-03,124717540.88193382
2023-10-04,125435063.19114882
2023-10-05,126057828.51912698
2023-10-06,126073678.33894359
2023-10-09,125323432.36547357
2023-10-10,125099450.3018243
2023-10-11,125394168.46404643
2023-10-12,126143761.78796495
2023-10-13,125546910.30068584
2023-10-16,125220720.12270701
2023-10-17,124529144.08019023
2023-10-18,124214606.21393009
2023-10-19,124144793.28151304
2023-10-20,124404582.74773467
2023-10-23,125229537.36834419
2023-10-24,125121378.9428524
2023-10-25,124701517.14944685
2023-10-26,123886183.68408018
2023-10-27,125175614.62518956
2023-10-30,124747354.60757917
2023-10-31,124205051.28819391
2023-11-01,124898402.02715364
2023-11-02,124022006.81625307
2023-11-03,123682445.565319
2023-11-06,124194542.64973985
2023-11-07,124705161.23498607
2023-11-08,124955441.25503106
2023-11-09,125023366.95133811
2023-11-10,124817587.62471972
2023-11-13,125228283.86300227
2023-11-14,124391672.76177254
2023-11-15,124225213.80745974
2023-11-16,124595024.44652554
2023-11-17,124446624.14410126
2023-11-20,124411100.65539986
2023-11-21,124751698.32046795
2023-11-22,124328150.75597417
2023-11-24,123918072.53999323
2023-11-27,124158886.1127609
2023-11-28,124888884.66819744
2023-11-29,124434859.6962185
2023-11-30,123302214.21887356
2023-12-01,122573354.52548832
2023-12-04,122074231.32104613
2023-12-05,123210109.68315008
2023-12-06,122835338.9630767
2023-12-07,123500203.69999523
2023-12-08,123518109.40906125
2023-12-11,121768062.41960028
2023-12-12,122153496.2225143
2023-12-13,120874259.7683823
2023-12-14,120752736.80354802
2023-12-15,121624271.58191486
2023-12-18,122140270.90280956
2023-12-19,122080745.42601854
2023-12-20,122706141.81821796
2023-12-21,122699699.46808827
2023-12-22,122265726.20369746
2023-12-26,122130820.85558529
2023-12-27,122200006.51647449
2023-12-28,122098854.25795165
2023-12-29,121881617.06769171
2024-01-02,121714858.61532384
2024-01-03,122139609.94888586
2024-01-04,122204438.64767128
2024-01-05,122523337.13069615
2024-01-08,122881372.60096996
2024-01-09,123391380.45988083
2024-01-10,123948362.64664668
2024-01-11,123799290.71609832
2024-01-12,123600052.90463117
2024-01-16,123992664.43222551
2024-01-17,124268955.6371902
2024-01-18,124319246.32777746
2024-01-19,124412276.6582254
2024-01-22,123865979.89201942
2024-01-23,123661969.42145565
2024-01-24,124373786.93207556
2024-01-25,122750356.0062718
2024-01-26,122639827.96876647
2024-01-29,123231785.16641887
2024-01-30,123160321.570661
2024-01-31,122621533.80943744
2024-02-01,122212974.48806609
2024-02-02,125098298.96467617
2024-02-05,125191906.56995167
2024-02-06,125082674.51922521
2024-02-07,125460220.45900877
2024-02-08,125000482.33552267
2024-02-09,125900621.6149897
2024-02-12,125115939.44376528
2024-02-13,125643458.9557043
2024-02-14,125686084.98905241
2024-02-15,125849241.83043724
2024-02-16,125721231.6039116
2024-02-20,125321427.2498759
2024-02-21,125293403.68429244
2024-02-22,126745932.66399992
2024-02-23,126233944.07506895
2024-02-26,126497089.14675719
2024-02-27,126411755.45189999
2024-02-28,126468962.45028566
2024-02-29,126788061.28484166
2024-03-01,126370640.1986452
2024-03-04,124918295.63558231
2024-03-05,124894116.98073798
2024-03-06,123987836.32638487
2024-03-07,123922878.90440905
2024-03-08,124089079.07173318
2024-03-11,123876231.13729721
2024-03-12,124507057.73360416
2024-03-13,123972479.45185426
2024-03-14,124007250.95715432
2024-03-15,124209470.93303698
2024-03-18,125328839.98931411
2024-03-19,124800908.9792644
2024-03-20,124881422.31506775
2024-03-21,123987254.05891275
2024-03-22,124514201.40900862
2024-03-25,124581263.63910642
2024-03-26,124798515.1591047
2024-03-27,123814727.06067547
2024-03-28,123199409.50570738
2024-04-01,124136633.15801917
2024-04-02,124411796.33334908
2024-04-03,124307816.67376088
2024-04-04,125525571.41650161
2024-04-05,124969373.16465038
2024-04-08,125442923.73943582
2024-04-09,125431360.5037776
2024-04-10,126588722.10223857
2024-04-11,127473111.5367219
2024-04-12,127724496.30250861
2024-04-15,127271505.31765233
2024-04-16,126762444.43290415
2024-04-17,126801301.3810074
2024-04-18,126783628.16722523
2024-04-19,125804464.6940852
2024-04-22,125379749.40807255
2024-04-23,125380410.09650335
2024-04-24,126594200.90467188
2024-04-25,126335776.80227001
2024-04-26,127331173.82520999
2024-04-29,128361941.65258546
2024-04-30,128191594.18360685
2024-05-01,129566912.14476196
2024-05-02,129460838.83222516
2024-05-03,129304655.59073825
2024-05-06,129338578.5013519
2024-05-07,128727393.49506828
2024-05-08,128834014.89195086
2024-05-09,128128548.15438701
2024-05-10,127703008.4821637
2024-05-13,128114956.66890298
2024-05-14,128472214.25426021
2024-05-15,127593515.98960912
2024-05-16,127848488.7694357
2024-05-17,127920791.63154662
2024-05-20,127099639.43161279
2024-05-21,128008287.64328921
2024-05-22,128075083.405968
2024-05-23,129053710.14412539
2024-05-24,129476837.43033662
2024-05-28,129957541.94167879
2024-05-29,131070108.38659646
2024-05-30,130958047.04737133
2024-05-31,129544183.31013077
2024-06-03,130655993.23199692
2024-06-04,130630003.85305923
2024-06-05,130231617.86094272
2024-06-06,130850691.7656477
2024-06-07,131388014.33818941
2024-06-10,130838186.42293051
2024-06-11,131122184.26463759
2024-06-12,130928269.81381275
2024-06-13,131236845.78144361
2024-06-14,131208643.99433944
2024-06-17,131272023.20985536
2024-06-18,130648921.25176707
2024-06-20,130965998.5718301
2024-06-21,131058605.52073567
2024-06-24,130616334.85308354
2024-06-25,132059720.14020663
2024-06-26,133628002.67641804
2024-06-27,133720283.18749213
2024-06-28,132935313.47182955
2024-07-01,135177087.80867562
2024-07-02,136948364.66325167
2024-07-03,138099850.87773567
2024-07-05,139284168.16591382
2024-07-08,138768904.7526525
2024-07-09,139793739.79986778
2024-07-10,139520297.72683102
2024-07-11,136206598.11627644
2024-07-12,135767518.67819804
2024-07-15,136060107.75706723
2024-07-16,134880166.84172386
2024-07-17,134602097.30492413
2024-07-18,135065431.54786813
2024-07-19,134865528.59383464
2024-07-22,135597553.29424858
2024-07-23,135687844.25235987
2024-07-24,133020974.41146669
2024-07-25,133087999.16243073
2024-07-26,132899336.89543077
2024-07-29,133655234.39236405
2024-07-30,133335752.26686913
2024-07-31,133894552.88686213
2024-08-01,134411994.220995
2024-08-02,134278384.63447532
2024-08-05,133662813.48185071
2024-08-06,133664262.3863456
2024-08-07,133515457.0772493
2024-08-08,133214099.62057708
2024-08-09,133593381.21371186
2024-08-12,133960103.09541178
2024-08-13,134267645.15752754
2024-08-14,133391656.2070988
2024-08-15,134069978.40468836
2024-08-16,134160257.23444253
2024-08-19,134380349.42729968
2024-08-20,134538064.40548152
2024-08-21,134499641.07349718
2024-08-22,133611054.87958261
2024-08-23,133801059.06458944
2024-08-26,133154397.70887464
2024-08-27,132653946.123634
2024-08-28,132556078.93360868
2024-08-29,132375901.02197084
2024-08-30,132987464.69256943
2024-09-03,133161960.36699753
2024-09-04,133533425.8882445
2024-09-05,135343207.24776277
2024-09-06,133827656.95861249
2024-09-09,134167551.1285029
2024-09-10,134211350.66992941
2024-09-11,135045330.60676947
2024-09-12,135338297.15724862
2024-09-13,134810709.85235727
2024-09-16,134353221.86795902
2024-09-17,134997839.32212588
2024-09-18,135209677.27467233
2024-09-19,135309886.50032786
2024-09-20,135415444.23836368
2024-09-23,135792879.56992143
2024-09-24,135110471.93835565
2024-09-25,135620964.4920975
2024-09-26,134742704.18201715
2024-09-27,135314333.26239285
2024-09-30,135266871.91898388
2024-10-01,135622298.91508594
2024-10-02,134817654.9843382
2024-10-03,134923083.9272601
2024-10-04,135530314.4239723
2024-10-07,135158859.13236082
2024-10-08,135079025.14370072
2024-10-09,133951974.30805928
2024-10-10,134383294.60823047
2024-10-11,132968552.741812
2024-10-14,132199257.94956358
2024-10-15,133574180.34588648
2024-10-16,133283220.86311278
2024-10-17,133539171.27104601
2024-10-18,133517791.59336042
2024-10-21,133995032.84552866
2024-10-22,134782165.82816797
2024-10-23,134472783.63222718
2024-10-24,138037898.96070087
2024-10-25,139073348.3319807
2024-10-28,138835143.501616
2024-10-29,139091667.82922792
2024-10-30,140547759.2623046
2024-10-31,140238193.24032027
2024-11-01,140936233.6749039
2024-11-04,140031084.4901533
2024-11-05,139661307.61098504
2024-11-06,141779100.85782468
2024-11-07,141882973.73134053
2024-11-08,141797126.8633957
2024-11-11,142701293.07896432
2024-11-12,142972577.69866002
2024-11-13,143074611.76244724
2024-11-14,143008488.79721355
2024-11-15,144148175.18991053
2024-11-18,144755274.63706753
2024-11-19,145852486.34549356
2024-11-20,144820803.86330935
2024-11-21,142761512.6535232
2024-11-22,142203023.07988638
2024-11-25,141581037.44085455
2024-11-26,141948451.73439047
2024-11-27,142061411.13009053
2024-11-29,142236894.2964782
2024-12-02,144005314.49400645
2024-12-03,144390475.64996356
2024-12-04,144559454.45916098
2024-12-05,145643641.15741193
2024-12-06,147462305.7096901
2024-12-09,147999538.64900553
2024-12-10,150074663.10202566
2024-12-11,151942821.61856246
2024-12-12,152031239.88173676
2024-12-13,151835764.70783386
2024-12-16,153160971.53333825
2024-12-17,155073763.9775175
2024-12-18,156103766.56568956
2024-12-19,157165101.30032563
2024-12-20,155356111.0527446
2024-12-23,156046958.8528806
2024-12-24,156753448.81014305
2024-12-26,156154221.03347564
2024-12-27,155939726.16106915
2024-12-30,156475412.6203082
2024-12-31,155763181.59580877
2025-01-02,155720389.8036878
2025-01-03,156331287.16332775
2025-01-06,157430206.45376518
2025-01-07,157162203.566007
2025-01-08,156260694.75032574
2025-01-10,157972893.43148887
2025-01-13,157627244.09895986
2025-01-14,156378213.2413073
2025-01-15,157607211.93800837
2025-01-16,156147213.58403715
2025-01-17,156503965.83316258
2025-01-21,155476224.7230232
2025-01-22,155560510.51309067
2025-01-23,155253029.7636113
2025-01-24,155523149.6128455
2025-01-27,156268557.75861797
2025-01-28,158063183.48514122
2025-01-29,158026675.06270194
2025-01-30,157475878.60597125
2025-01-31,158578565.20409086
2025-02-03,158087639.4589825
2025-02-04,158989844.39948177
2025-02-05,156990526.22539198
2025-02-06,157443075.47611955
2025-02-07,157038188.42723653
2025-02-10,156026862.57841116
2025-02-11,155345266.6549957
2025-02-12,156265362.7826794
2025-02-13,156916495.20591116
2025-02-14,157489361.59374133
2025-02-18,156418179.11838022
2025-02-19,156412988.1366256
2025-02-20,155878951.249808
2025-02-21,156843107.9016303
2025-02-24,156103788.17075506
2025-02-25,154286517.04014447
2025-02-26,153758808.10855538
2025-02-27,153897706.2188872
2025-02-28,154020082.69612786
2025-03-03,153927238.35431305
2025-03-04,154703533.9779865
2025-03-05,154573484.32623836
2025-03-06,154310495.50180572
2025-03-07,153276794.12548465
2025-03-10,151621707.90909535
2025-03-11,153246024.9371911
2025-03-12,154922166.57435167
2025-03-13,154645736.8564263
2025-03-14,154152671.82138968
2025-03-17,151177642.11011654
2025-03-18,150821743.49000818
2025-03-19,151038932.7063955
2025-03-20,151626406.52008614
2025-03-21,153386384.42763075
2025-03-24,155110166.03599542
2025-03-25,156339560.88086325
2025-03-26,155040655.29028478
2025-03-27,155473336.42350858
2025-03-28,155006861.81625882
2025-03-31,154079333.7360667
2025-04-01,153643966.96089974
2025-04-02,153874931.51136076
2025-04-03,155517778.0482412
2025-04-04,158085836.97169864
2025-04-07,158977649.66946673
2025-04-08,159182560.10988754
2025-04-09,159255134.83482116
2025-04-10,159335884.08738717
2025-04-11,159506200.4772905
2025-04-14,157702492.71807826
2025-04-15,157397635.36331055
2025-04-16,157036187.65538505
2025-04-17,156367006.64789063
2025-04-21,156854727.63283655
2025-04-22,156261902.57934174
2025-04-23,157148639.6196251
2025-04-24,156594949.23055655
2025-04-25,158643624.4037126
2025-04-28,158246029.00601742
2025-04-29,158120357.9637064
2025-04-30,157176647.74484697
2025-05-01,158884558.8503404
2025-05-02,158056378.54029924
2025-05-05,158113547.88575438
2025-05-06,158477056.53774434
2025-05-07,157635470.13861728
2025-05-08,158153799.66275245
2025-05-09,158897705.9008613
2025-05-12,159555071.3199873
2025-05-13,160627275.8343886
2025-05-14,162827374.1097827
2025-05-15,161242611.59733874
2025-05-16,160659859.80423218
2025-05-19,160131073.47653717
2025-05-20,160305586.68364018
2025-05-21,162004186.45676172
2025-05-22,163108654.57624874
2025-05-23,162620491.026971
2025-05-27,163146796.49190226
2025-05-28,163490808.02525216
2025-05-29,163870994.49898288
2025-05-30,163390519.3804236
2025-06-02,163050305.70334542
2025-06-03,162004131.27263442
2025-06-04,162221166.42630786
2025-06-05,160264340.12680852
2025-06-06,161414646.96283275
2025-06-09,162594967.9512734
2025-06-10,163680348.66347003
2025-06-11,163027762.98621255
2025-06-12,162250138.27356794
2025-06-13,162854515.9115265
2025-06-16,163101723.792487
2025-06-17,163278814.68710285
2025-06-18,162770844.24503174
2025-06-20,161972110.92274106
2025-06-23,162569232.94678408
2025-06-24,161633878.1780735
2025-06-25,162078737.44282603
2025-06-26,161939633.7446072
2025-06-27,162417883.0373722
2025-06-30,161451850.6044137
2025-07-01,159994693.73349082
2025-07-02,161000864.75587925
2025-07-03,160993285.24715027
2025-07-07,160143382.5625839
2025-07-08,159468338.96629152
2025-07-09,159855645.2838545
2025-07-10,160723531.43762696
2025-07-11,161631985.1969471
2025-07-14,161637389.92231143
2025-07-15,162569816.75738618
2025-07-16,163715673.947228
2025-07-17,162643458.8197844
2025-07-18,164153200.90124983
2025-07-21,164997620.5413917
2025-07-22,164879462.78339115
2025-07-23,164341366.11674768
2025-07-24,163498106.64508903
2025-07-25,163553483.10110557
2025-07-28,164491869.0089935
2025-07-29,164010832.89784247
2025-07-30,164445697.5143826
2025-07-31,166531041.9062839
2025-08-01,165864225.45693678
2025-08-04,166035727.86618578
2025-08-05,165946774.80989325
2025-08-06,167359002.05221945
2025-08-07,167531841.88287944
2025-08-08,168709597.0106889
2025-08-11,169410386.8573705
2025-08-12,168597316.81189436
2025-08-13,167774931.42319518
2025-08-14,168849127.7983914
2025-08-15,168982955.815399
2025-08-18,168790566.9516513
2025-08-19,167870173.47853678
2025-08-20,167229952.6581666
2025-08-21,167354396.40414453
2025-08-22,168264869.42992106
2025-08-25,169708751.98162776
2025-08-26,169598161.1080759
2025-08-27,169134634.52235016
2025-08-28,168915933.46749485
2025-08-29,168913241.20304197
2025-09-02,169045374.8876774
2025-09-03,171083572.01341933
2025-09-04,171486028.3034429
2025-09-05,170768483.61272424
2025-09-08,170021207.93387842
2025-09-09,170937133.9869155
2025-09-10,168944512.16991717
2025-09-11,169625081.77686048
2025-09-12,172159253.67725962
2025-09-15,173812671.36930484
2025-09-16,175100783.84396338
2025-09-17,175460019.71305
2025-09-18,173560726.76953065
2025-09-19,174893827.5204246
2025-09-22,174578203.9370069
2025-09-23,173552472.75070536
2025-09-24,174902337.8935192
2025-09-25,174849620.57361096
2025-09-26,175021903.7908379
2025-09-29,175384180.4182573
2025-09-30,175043810.1159277
2025-10-01,174983755.27027267
2025-10-02,173927029.1884677
2025-10-03,173623794.4380647
2025-10-06,174722928.43276498
2025-10-07,174320467.81224543
2025-10-08,173745226.84457624
2025-10-09,174988455.2373663
2025-10-10,176124872.46700037
2025-10-13,176047592.7298234
2025-10-14,174378172.19095415
2025-10-15,174438147.95886043
2025-10-16,174732609.78093797
2025-10-17,175237510.6082878
2025-10-20,175339453.9091053
2025-10-21,174625671.8280275
2025-10-22,175104155.28175414
2025-10-23,174831624.05128026
2025-10-24,174144261.7383756
2025-10-27,175072343.79678255
2025-10-28,176173289.64005333
2025-10-29,177486930.796193
2025-10-30,176158218.83983833
2025-10-31,177205352.08956107
2025-11-03,177879106.72342634
2025-11-04,178092826.1096277
2025-11-05,178352801.6251439
2025-11-06,178236962.22557127
2025-11-07,176630313.48489693
2025-11-10,177017015.30097654
2025-11-11,176885002.5679803
2025-11-12,175139710.4294402
2025-11-13,175087958.91993397
2025-11-14,174847797.989107
2025-11-17,177058093.7020584
2025-11-18,175957718.4678917
2025-11-19,176850086.84829414
2025-11-20,178360114.27908945
2025-11-21,177040967.93947524
2025-11-24,178304830.09044546
2025-11-25,178002170.51335645
2025-11-26,177187179.19502503
2025-11-28,177407511.55548593
2025-12-01,177953721.86534518
2025-12-02,178183060.61529747
2025-12-03,177303577.9759352
2025-12-04,178031892.10459512
2025-12-05,178304101.0346732
2025-12-08,177759891.1164078
2025-12-09,176950508.231472
2025-12-10,176619224.66266283
2025-12-11,177328363.9374493
2025-12-12,179764871.9611318
2025-12-15,180615971.26690584
2025-12-16,181955674.9001571
2025-12-17,181690478.09918582
2025-12-18,182590370.11956638
2025-12-19,181853860.100819
2025-12-22,181709217.68047363
2025-12-23,182261122.06036663
2025-12-24,182184250.67131597
2025-12-26,181672263.1828398
2025-12-29,180989131.13937026
2025-12-30,181201086.18064862
2025-12-31,181915952.2407753
2026-01-02,179953328.83225104
2026-01-05,180406905.85580778
2026-01-06,178448315.42150605
2026-01-07,179577418.64089036
2026-01-08,179349969.25631762
2026-01-09,178359369.79462272
2026-01-12,177638286.5698571
2026-01-13,175811671.3550403
2026-01-14,175010652.90156537
2026-01-15,174798540.057334
2026-01-16,174823302.6942848
2026-01-20,174747155.6565092
2026-01-21,173022286.42796677
2026-01-22,175294842.7039609
2026-01-23,176823483.8707724
2026-01-26,176797024.55906188
2026-01-27,177288259.2473005
2026-01-28,177966367.83175862
2026-01-29,178957276.2143809
2026-01-30,178872184.15890807
2026-02-02,178657682.9428196
2026-02-03,178930862.00447518
2026-02-04,177997590.05289215
2026-02-05,178047997.73221874
2026-02-06,174948979.8571122
2026-02-09,175019614.29695284
2026-02-10,175152540.813061
2026-02-11,173960476.70232457
2026-02-12,174160796.9531245
2026-02-13,171508208.36309978
2026-02-17,172200659.48729837
2026-02-18,172437743.17843032
2026-02-19,172883266.27648544
2026-02-20,173384906.1264375
2026-02-23,172023475.96268153
2026-02-24,171960250.66747907
2026-02-25,173057313.21676713
2026-02-26,172578595.93574542
2026-02-27,171767357.68528116
2026-03-02,172400185.39214662
2026-03-03,174293699.84527895
2026-03-04,174421916.5498079
2026-03-05,175005062.3904876
2026-03-06,175447512.4798631
2026-03-09,174939141.3274018
2026-03-10,175997639.76826704
2026-03-11,176335873.92998815
2026-03-12,176864956.17648327
2026-03-13,175969895.57624096
2026-03-16,176068409.01137203
2026-03-17,175564541.81058758
2026-03-18,176363769.9449942
2026-03-19,175439181.50590336
2026-03-20,172518602.6389072
