Date,near,far,fair,market,difference,zscore
2021-09-21,ESZ1,ESH2,-14.674771813625739,-7.5,7.174771813625739,
2021-09-22,ESZ1,ESH2,-14.672704848001558,-7.5,7.172704848001558,
2021-09-23,ESZ1,ESH2,-14.669291865963714,-7.5,7.169291865963714,
2021-09-24,ESZ1,ESH2,-14.667383692816657,-7.5,7.1673836928166565,
2021-09-27,ESZ1,ESH2,-14.671553738913644,-7.5,7.171553738913644,
2021-09-28,ESZ1,ESH2,-14.684995548587722,-7.5,7.184995548587722,
2021-09-29,ESZ1,ESH2,-14.682044916518862,-7.5,7.182044916518862,
2021-09-30,ESZ1,ESH2,-14.683955397708814,-7.75,6.933955397708814,
2021-10-01,ESZ1,ESH2,-14.88276541250616,-7.75,7.13276541250616,
2021-10-04,ESZ1,ESH2,-14.688212529942575,-7.75,6.938212529942575,
2021-10-05,ESZ1,ESH2,-14.681388533438621,-7.75,6.931388533438621,
2021-10-06,ESZ1,ESH2,-14.679442199251753,-7.75,6.929442199251753,
2021-10-07,ESZ1,ESH2,-14.880110404468724,-7.75,7.130110404468724,
2021-10-08,ESZ1,ESH2,-14.786251105258089,-7.75,7.0362511052580885,
2021-10-11,ESZ1,ESH2,-14.789490943328019,-7.75,7.039490943328019,
2021-10-12,ESZ1,ESH2,-14.78823645180455,-7.5,7.288236451804551,
2021-10-13,ESZ1,ESH2,-14.60338402234538,-7.5,7.103384022345381,
2021-10-14,ESZ1,ESH2,-14.58914913037188,-7.5,7.089149130371879,
2021-10-15,ESZ1,ESH2,-14.572118731737646,-7.5,7.072118731737646,
2021-10-18,ESZ1,ESH2,-14.567437126674122,-7.5,7.067437126674122,
2021-10-19,ESZ1,ESH2,-14.556653759357687,-7.25,7.306653759357687,
2021-10-20,ESZ1,ESH2,-14.551948485990579,-7.0,7.551948485990579,
2021-10-21,ESZ1,ESH2,-14.65881287585853,-7.0,7.65881287585853,
2021-10-22,ESZ1,ESH2,-14.729983251037993,-6.75,7.979983251037993,
2021-10-25,ESZ1,ESH2,-14.665062422696792,-6.75,7.915062422696792,
2021-10-26,ESZ1,ESH2,-14.739579907866755,-6.75,7.989579907866755,
2021-10-27,ESZ1,ESH2,-14.68666490607302,-6.5,8.18666490607302,
2021-10-28,ESZ1,ESH2,-14.682333502050824,-6.25,8.432333502050824,
2021-10-29,ESZ1,ESH2,-14.671095076538222,-6.0,8.671095076538222,
2021-11-01,ESZ1,ESH2,-14.518101015887623,-6.25,8.268101015887623,
2021-11-02,ESZ1,ESH2,-14.693090917797235,-6.25,8.443090917797235,2.1090828159951824
2021-11-03,ESZ1,ESH2,-14.681570929341433,-6.5,8.181570929341433,1.4028984294067328
2021-11-04,ESZ1,ESH2,-14.681817964676156,-6.5,8.181817964676156,1.304481470552214
2021-11-05,ESZ1,ESH2,-14.678676606391491,-6.5,8.178676606391491,1.2103332436783834
2021-11-08,ESZ1,ESH2,-14.694790634324818,-6.25,8.444790634324818,1.6012043622574936
2021-11-09,ESZ1,ESH2,-14.707059979258702,-6.5,8.207059979258702,1.0700352194062905
2021-11-10,ESZ1,ESH2,-14.712899352392924,-6.5,8.212899352392924,1.0116275504139625
2021-11-11,ESZ1,ESH2,-14.711419321705762,-6.5,8.211419321705762,0.9447092608378715
2021-11-12,ESZ1,ESH2,-14.756625696526498,-6.25,8.506625696526498,1.387038380832355
2021-11-15,ESZ1,ESH2,-14.712411541220717,-6.5,8.212411541220717,0.7963230733838614
2021-11-16,ESZ1,ESH2,-14.567437346845509,-6.25,8.317437346845509,0.9227679386712664
2021-11-17,ESZ1,ESH2,-14.608975103137709,-6.25,8.358975103137709,0.9388991283271241
2021-11-18,ESZ1,ESH2,-14.606085922882812,-6.25,8.356085922882812,0.8780215076083054
2021-11-19,ESZ1,ESH2,-14.604695719860501,-6.0,8.604695719860501,1.2847860530383983
2021-11-22,ESZ1,ESH2,-14.773500207698817,-6.0,8.773500207698817,1.5375286154420569
2021-11-23,ESZ1,ESH2,-14.634064529445823,-5.75,8.884064529445823,1.6714477867565403
2021-11-24,ESZ1,ESH2,-14.633732027601582,-5.75,8.883732027601582,1.5562671145898614
2021-11-26,ESZ1,ESH2,-14.65235816484801,-6.25,8.40235816484801,0.5247279022241345
2021-11-29,ESZ1,ESH2,-14.64593463053916,-6.0,8.64593463053916,0.9986505525077137
2021-11-30,ESZ1,ESH2,-14.656329641276898,-6.0,8.656329641276898,1.000182336316991
2021-12-01,ESZ1,ESH2,-14.665045055713563,-6.0,8.665045055713563,1.030921022168787
2021-12-02,ESZ1,ESH2,-14.660900482959732,-6.0,8.660900482959732,1.0187086908075245
2021-12-03,ESZ1,ESH2,-14.66440070909266,-6.25,8.41440070909266,0.15327042961788426
2021-12-06,ESZ1,ESH2,-14.6606786210059,-6.75,7.9106786210059,-1.870150680174374
2021-12-07,ESZ1,ESH2,-14.65020868123247,-6.5,8.15020868123247,-0.9214827655984937
2021-12-08,ESZ1,ESH2,-14.647647624060482,-6.75,7.8976476240604825,-1.9986527168191306
2021-12-09,ESZ1,ESH2,-14.651794722062732,-7.25,7.401794722062732,-3.8703433454111247
2021-12-10,ESZ1,ESH2,-14.634084298428206,-7.5,7.134084298428206,-3.9496908525332843
2021-12-13,ESZ1,ESH2,-14.6499718929972,-9.25,5.3999718929972005,-7.59005027849179
2021-12-14,ESZ1,ESH2,-14.654055751578198,-9.0,5.654055751578198,-3.920139468472944
2021-12-15,ESH2,ESM2,-13.080672218558902,-7.75,5.330672218558902,-3.4824344996797785
2021-12-16,ESH2,ESM2,-12.878331526407237,-7.5,5.378331526407237,-2.7882838296314754
2021-12-17,ESH2,ESM2,-12.795768424372909,-7.5,5.295768424372909,-2.476571252710435
2021-12-20,ESH2,ESM2,-12.881757649523024,-7.5,5.381757649523024,-2.103639692855524
2021-12-21,ESH2,ESM2,-12.737681557217002,-7.75,4.987681557217002,-2.208547274955298
2021-12-22,ESH2,ESM2,-12.494560033522248,-7.75,4.744560033522248,-2.1563515044100057
2021-12-23,ESH2,ESM2,-12.487443900550716,-7.75,4.737443900550716,-1.938515274803071
2021-12-27,ESH2,ESM2,-12.273790481592187,-7.75,4.5237904815921866,-1.9008085684995517
2021-12-28,ESH2,ESM2,-12.29004595457991,-7.75,4.5400459545799094,-1.7185308890384265
2021-12-29,ESH2,ESM2,-12.300845633172685,-7.75,4.550845633172685,-1.5715144880717837
2021-12-30,ESH2,ESM2,-11.986976918940854,-8.0,3.9869769189408544,-1.7822880699009198
2021-12-31,ESH2,ESM2,-12.229198339749928,-8.0,4.229198339749928,-1.4950600323732939
2022-01-03,ESH2,ESM2,-12.46957842849315,-8.0,4.469578428493151,-1.2527016819967338
2022-01-04,ESH2,ESM2,-12.26662490714898,-8.0,4.26662490714898,-1.2796093471195757
2022-01-05,ESH2,ESM2,-12.332549530943652,-8.0,4.332549530943652,-1.1593852363504347
2022-01-06,ESH2,ESM2,-12.238279964440153,-7.5,4.738279964440153,-0.8647035722319824
2022-01-07,ESH2,ESM2,-11.851871015986035,-7.5,4.351871015986035,-1.02570432713242
2022-01-10,ESH2,ESM2,-11.905802141449385,-7.75,4.155802141449385,-1.0786425922583667
2022-01-11,ESH2,ESM2,-11.979786243801755,-7.75,4.229786243801755,-0.9697558672928901
2022-01-12,ESH2,ESM2,-11.700320854029997,-7.75,3.9503208540299966,-1.0830987451532275
2022-01-13,ESH2,ESM2,-11.854188300957503,-7.75,4.104188300957503,-0.9312657558589121
2022-01-14,ESH2,ESM2,-11.682606166749792,-7.5,4.1826061667497925,-0.8330808207435647
2022-01-18,ESH2,ESM2,-11.826290832905215,-7.5,4.326290832905215,-0.6901338537190996
2022-01-19,ESH2,ESM2,-11.155357456201273,-7.5,3.6553574562012727,-1.182086730826026
2022-01-20,ESH2,ESM2,-11.290905544175985,-7.5,3.7909055441759847,-1.0319476658248565
2022-01-21,ESH2,ESM2,-11.380631290829115,-8.0,3.3806312908291147,-1.4300591800759122
2022-01-24,ESH2,ESM2,-11.554557658842896,-8.0,3.5545576588428958,-1.288687949113395
2022-01-25,ESH2,ESM2,-11.634505841309874,-7.75,3.884505841309874,-0.9130941451888466
2022-01-26,ESH2,ESM2,-11.47334358336957,-7.5,3.9733435833695694,-0.8314438307702937
2022-01-27,ESH2,ESM2,-11.33436644088306,-7.25,4.084366440883059,-0.5859121117865835
2022-01-28,ESH2,ESM2,-10.606660630221086,-7.25,3.3566606302210857,-1.9067464765282318
2022-01-31,ESH2,ESM2,-10.545469813153431,-7.0,3.5454698131534315,-1.4300027745952557
2022-02-01,ESH2,ESM2,-10.354522953100059,-7.0,3.3545229531000587,-1.7497389419989595
2022-02-02,ESH2,ESM2,-10.465154871370032,-7.0,3.465154871370032,-1.4480633810127586
2022-02-03,ESH2,ESM2,-10.457025534809873,-7.0,3.4570255348098726,-1.448241091671553
2022-02-04,ESH2,ESM2,-10.235416745989824,-6.5,3.7354167459898235,-0.7491918239926157
2022-02-07,ESH2,ESM2,-9.70478829750391,-6.5,3.20478829750391,-1.951189151890722
2022-02-08,ESH2,ESM2,-9.719048318466776,-6.5,3.2190483184667755,-1.7790973671215
2022-02-09,ESH2,ESM2,-9.440636042105325,-6.5,2.940636042105325,-2.280849779294921
2022-02-10,ESH2,ESM2,-9.243896411948299,-5.25,3.993896411948299,0.24348000396517064
2022-02-11,ESH2,ESM2,-8.193077281213846,-5.75,2.4430772812138457,-3.228526057281262
2022-02-14,ESH2,ESM2,-8.280662186109112,-5.5,2.7806621861091116,-2.0234395514388037
2022-02-15,ESH2,ESM2,-7.9576706766738425,-5.75,2.2076706766738425,-2.898604429179501
2022-02-16,ESH2,ESM2,-8.343664435727078,-6.0,2.343664435727078,-2.2773852324099364
2022-02-17,ESH2,ESM2,-8.70032987970535,-6.75,1.9503298797053503,-2.662406402824497
2022-02-18,ESH2,ESM2,-9.047602692109649,-7.0,2.047602692109649,-2.188379640793659
2022-02-22,ESH2,ESM2,-10.555310692916464,-7.0,3.555310692916464,0.1425761106559372
2022-02-23,ESH2,ESM2,-10.594158259183132,-7.0,3.594158259183132,0.24325565271331825
2022-02-24,ESH2,ESM2,-10.12060547665078,-8.0,2.1206054766507805,-1.9385632360008551
2022-02-25,ESH2,ESM2,-10.85759207900719,-7.5,3.3575920790071905,0.025477838137081384
2022-02-28,ESH2,ESM2,-10.59097393076081,-8.0,2.5909739307608106,-1.077099999123439
2022-03-01,ESH2,ESM2,-11.244690456791432,-8.5,2.7446904567914316,-0.7802792581124558
2022-03-02,ESH2,ESM2,-11.410450080694318,-7.75,3.660450080694318,0.6675454021822325
2022-03-03,ESH2,ESM2,-10.996414632023516,-7.75,3.246414632023516,0.07416784910104854
2022-03-04,ESH2,ESM2,-11.06624997363906,-8.0,3.06624997363906,-0.1924031484292406
2022-03-07,ESH2,ESM2,-11.435535123999216,-8.25,3.185535123999216,0.03843335409656333
2022-03-08,ESH2,ESM2,-11.273791205466296,-8.25,3.0237912054662957,-0.2153707235591141
2022-03-09,ESH2,ESM2,-11.182856080195052,-8.5,2.6828560801950516,-0.7492682819832067
2022-03-10,ESH2,ESM2,-10.913476918222841,-9.25,1.663476918222841,-2.407534123377857
2022-03-11,ESH2,ESM2,-10.890229988899591,-9.0,1.8902299888995913,-1.802728631486926
2022-03-14,ESH2,ESM2,-11.101305299673186,-8.5,2.601305299673186,-0.5525393561855684
2022-03-15,ESH2,ESM2,-10.69869991637097,-8.25,2.4486999163709697,-0.7580730545631409
2022-03-16,ESM2,ESU2,-4.172124125283517,0.75,4.922124125283517,3.28827299347005
2022-03-17,ESM2,ESU2,-3.1791597162427934,1.0,4.179159716242793,1.7275936843739033
2022-03-18,ESM2,ESU2,-3.405463091553429,1.25,4.655463091553429,2.265130651718955
2022-03-21,ESM2,ESU2,-3.3577044274697982,1.75,5.107704427469798,2.6164221054181773
2022-03-22,ESM2,ESU2,-2.1490697451163214,2.25,4.399069745116321,1.530242814704272
2022-03-23,ESM2,ESU2,-1.4901000970930909,2.25,3.740100097093091,0.7119350517555051
2022-03-24,ESM2,ESU2,-1.4310365979408743,2.5,3.9310365979408743,0.8939608025255457
2022-03-25,ESM2,ESU2,-1.1813293122577306,3.5,4.681329312257731,1.6494053585285664
2022-03-28,ESM2,ESU2,-0.5684284515209583,3.5,4.068428451520958,0.9402069717917503
2022-03-29,ESM2,ESU2,-0.22457134808428236,3.5,3.7245713480842824,0.5257807460998262
2022-03-30,ESM2,ESU2,-0.2772088607380283,3.5,3.7772088607380283,0.5472066856963287
2022-03-31,ESM2,ESU2,-0.5624241577888824,3.0,3.5624241577888824,0.27636459426659754
2022-04-01,ESM2,ESU2,-0.6852024493346107,3.25,3.9352024493346107,0.6352173934772467
2022-04-04,ESM2,ESU2,-0.10508367683996767,3.25,3.3550836768399677,-0.05558776140497533
2022-04-05,ESM2,ESU2,-0.5312100625815219,3.5,4.031210062581522,0.6696492752270263
2022-04-06,ESM2,ESU2,-0.015325848436987144,3.5,3.515325848436987,0.057578712490613956
2022-04-07,ESM2,ESU2,0.12300723273074254,3.5,3.3769927672692575,-0.09742270291096637
2022-04-08,ESM2,ESU2,0.13719554410272394,3.75,3.612804455897276,0.1296093191094012
2022-04-11,ESM2,ESU2,-0.08234940847978578,3.5,3.582349408479786,0.08315435978342257
2022-04-12,ESM2,ESU2,-0.35025116417909885,3.0,3.350251164179099,-0.23842876767833054
2022-04-13,ESM2,ESU2,-0.27096010629884404,3.25,3.520960106298844,-0.055700346867945484
2022-04-14,ESM2,ESU2,-0.701693932022863,3.25,3.951693932022863,0.4840893510538922
2022-04-18,ESM2,ESU2,-0.5416873495614709,3.25,3.791687349561471,0.2563115826315579
2022-04-19,ESM2,ESU2,-0.23905975004163338,3.75,3.9890597500416334,0.4738931393163276
2022-04-20,ESM2,ESU2,0.17333796739058016,4.0,3.82666203260942,0.23840365669038124
2022-04-21,ESM2,ESU2,0.3181277007006429,4.25,3.931872299299357,0.3396487778855691
2022-04-22,ESM2,ESU2,0.5458382798842649,5.0,4.454161720115735,0.9709844769054575
2022-04-25,ESM2,ESU2,1.2585562701378876,4.5,3.2414437298621124,-0.8161878872091392
2022-04-26,ESM2,ESU2,0.06028516577407572,4.25,4.189714834225924,0.5902256583561367
2022-04-27,ESM2,ESU2,0.15980487456909032,4.0,3.8401951254309097,-0.10115821830926221
2022-04-28,ESM2,ESU2,0.7687192560761105,4.75,3.9812807439238895,0.08467468442189925
2022-04-29,ESM2,ESU2,0.6425426662990503,4.75,4.10745733370095,0.4568989807407841
2022-05-02,ESM2,ESU2,0.9312659189690748,4.25,3.318734081030925,-1.3682320324107116
2022-05-03,ESM2,ESU2,0.8029207877070803,4.5,3.6970792122929197,-0.3960185969918322
2022-05-04,ESM2,ESU2,1.5640439702747244,4.25,2.6859560297252756,-3.24621319826605
2022-05-05,ESM2,ESU2,1.3876986063069126,3.75,2.3623013936930874,-3.6043014022312634
2022-05-06,ESM2,ESU2,0.8204696934908497,3.5,2.6795303065091503,-2.2278125928520813
2022-05-09,ESM2,ESU2,0.18962940407891438,2.5,2.3103705959210856,-2.7294315815564576
2022-05-10,ESM2,ESU2,0.06831224438519712,3.0,2.931687755614803,-1.2694003632668134
2022-05-11,ESM2,ESU2,-0.0709439615948213,3.0,3.0709439615948213,-0.9193421417077386
2022-05-12,ESM2,ESU2,0.5374346846333538,2.5,1.9625653153666462,-2.9502915680736117
2022-05-13,ESM2,ESU2,0.4471210863293891,3.0,2.552878913670611,-1.5271582029936903
2022-05-16,ESM2,ESU2,0.18144748362738028,3.0,2.8185525163726197,-0.9927124978899833
2022-05-17,ESM2,ESU2,0.45216669010096666,3.5,3.0478333098990333,-0.5636301455731648
2022-05-18,ESM2,ESU2,0.24910279298410387,2.75,2.500897207015896,-1.4118986628125185
2022-05-19,ESM2,ESU2,0.11259526998628644,2.5,2.3874047300137136,-1.4914147835014266
2022-05-20,ESM2,ESU2,-0.10935581599278521,2.25,2.359355815992785,-1.4270061750831642
2022-05-23,ESM2,ESU2,-0.17810992225577138,2.5,2.6781099222557714,-0.8648764897636824
2022-05-24,ESM2,ESU2,-0.2364284951559057,2.25,2.4864284951559057,-1.0919071326218217
2022-05-25,ESM2,ESU2,0.0077041712343088875,2.5,2.492295828765691,-1.0153842174103194
2022-05-26,ESM2,ESU2,0.2448146833366991,2.75,2.505185316663301,-0.9408900800724385
2022-05-27,ESM2,ESU2,0.5666364266990058,2.75,2.183363573300994,-1.3338665269938654
2022-05-31,ESM2,ESU2,-0.05214711212556722,3.25,3.302147112125567,0.3094271369668043
2022-06-01,ESM2,ESU2,0.15427225938128686,2.75,2.595727740618713,-0.6599667257106592
2022-06-02,ESM2,ESU2,0.5627569635580585,2.75,2.1872430364419415,-1.2004878882936882
2022-06-03,ESM2,ESU2,0.335658344899457,2.5,2.164341655100543,-1.1569486515588057
2022-06-06,ESM2,ESU2,0.10110508352227043,2.5,2.3988949164777296,-0.7424100948951564
2022-06-07,ESM2,ESU2,0.28246734647473204,2.25,1.967532653525268,-1.402368819672306
2022-06-08,ESM2,ESU2,0.24191538674222102,2.0,1.758084613257779,-1.6336658184245587
2022-06-09,ESM2,ESU2,-0.015310568848690309,1.25,1.2653105688486903,-2.3983407112540425
2022-06-10,ESM2,ESU2,-0.4344069038156704,1.5,1.9344069038156704,-1.1150486802511244
2022-06-13,ESM2,ESU2,-0.8855765016573969,3.0,3.885576501657397,2.305016090204492
2022-06-14,ESM2,ESU2,-0.3298535798512603,3.5,3.8298535798512603,2.2988946106361396
2022-06-15,ESU2,ESZ2,12.639099947456089,14.75,2.1109000525439114,-0.7750331946485064
2022-06-16,ESU2,ESZ2,12.291666220768093,14.25,1.958333779231907,-1.004043895957019
2022-06-17,ESU2,ESZ2,12.11539673242396,15.0,2.88460326757604,0.703638702055061
2022-06-21,ESU2,ESZ2,12.510508058771393,15.5,2.989491941228607,0.8533874682839868
2022-06-22,ESU2,ESZ2,12.87629588434902,15.25,2.3737041156509804,-0.25136858525750905
2022-06-23,ESU2,ESZ2,12.722551578756793,15.25,2.527448421243207,0.014004645904937595
2022-06-24,ESU2,ESZ2,13.254981532399597,15.25,1.9950184676004028,-0.9036598128050134
2022-06-27,ESU2,ESZ2,12.993640991243865,15.75,2.756359008756135,0.508893652858106
2022-06-28,ESU2,ESZ2,12.538472296421787,15.25,2.711527703578213,0.38631238938331675
2022-06-29,ESU2,ESZ2,12.474364651125597,15.25,2.7756353488744026,0.4908708227604139
2022-06-30,ESU2,ESZ2,12.37733807361019,14.5,2.12266192638981,-0.6783001742338514
2022-07-01,ESU2,ESZ2,11.991830745198968,14.0,2.0081692548010324,-0.8371781264777646
2022-07-05,ESU2,ESZ2,11.281351845002973,13.75,2.4686481549970267,0.027762151117163864
2022-07-06,ESU2,ESZ2,11.715248673408041,14.5,2.784751326591959,0.5900389188593683
2022-07-07,ESU2,ESZ2,12.197399040373512,15.0,2.8026009596264885,0.5935734889720075
2022-07-08,ESU2,ESZ2,12.859914057478363,16.0,3.1400859425216368,1.1842257394802678
2022-07-11,ESU2,ESZ2,12.655926515145893,15.5,2.844073484854107,0.6050418839510195
2022-07-12,ESU2,ESZ2,12.59816668582198,15.0,2.4018333141780204,-0.182949612676762
2022-07-13,ESU2,ESZ2,12.278001618730286,18.0,5.721998381269714,5.5562910295130035
2022-07-14,ESU2,ESZ2,14.128425949275425,17.0,2.8715740507245755,0.3036124137500691
2022-07-15,ESU2,ESZ2,15.399268302312521,16.75,1.350731697687479,-1.5469235658897376
2022-07-18,ESU2,ESZ2,13.426116679435381,16.5,3.0738833205646188,0.6009628274867483
2022-07-19,ESU2,ESZ2,14.234137841876418,17.5,3.265862158123582,0.7916232572110627
2022-07-20,ESU2,ESZ2,14.336593692484712,17.5,3.163406307515288,0.6238420327260855
2022-07-21,ESU2,ESZ2,14.781896600823984,17.5,2.718103399176016,0.07013947869372304
2022-07-22,ESU2,ESZ2,14.330987483555873,16.75,2.419012516444127,-0.3125951226064422
2022-07-25,ESU2,ESZ2,13.151815743622137,17.0,3.8481842563778628,1.379596670026478
2022-07-26,ESU2,ESZ2,13.220442642517355,16.5,3.279557357482645,0.6045602271393792
2022-07-27,ESU2,ESZ2,13.882609627956754,16.75,2.8673903720432463,0.03929989915795463
2022-07-28,ESU2,ESZ2,14.367223099505281,16.5,2.1327769004947186,-0.8685541936944166
2022-07-29,ESU2,ESZ2,14.076926770666432,17.0,2.9230732293335677,0.23511291299539439
2022-08-01,ESU2,ESZ2,14.042017104577099,17.0,2.9579828954229015,0.24847178644161158
2022-08-02,ESU2,ESZ2,13.846683596785624,17.25,3.403316403214376,0.8179118269866636
2022-08-03,ESU2,ESZ2,14.682503408491357,17.75,3.067496591508643,0.33075701638093
2022-08-04,ESU2,ESZ2,15.488460684849997,17.5,2.011539315150003,-1.1018925320109534
2022-08-05,ESU2,ESZ2,15.125940995597375,18.5,3.374059004402625,0.7474028951055706
2022-08-08,ESU2,ESZ2,15.962402523126912,18.25,2.2875974768730885,-0.7350039071850459
2022-08-09,ESU2,ESZ2,16.146812638820847,18.0,1.8531873611791525,-1.3406888185367505
2022-08-10,ESU2,ESZ2,16.949237131807422,17.75,0.800762868192578,-2.635643975582833
2022-08-11,ESU2,ESZ2,16.35428271311048,17.75,1.3957172868895213,-1.6008557183731251
2022-08-12,ESU2,ESZ2,16.78643432041281,18.25,1.463565679587191,-1.4082184724792728
2022-08-15,ESU2,ESZ2,16.926504969122107,18.5,1.5734950308778934,-1.2276201403508886
2022-08-16,ESU2,ESZ2,17.095836631217026,18.5,1.4041633687829744,-1.375809111013298
2022-08-17,ESU2,ESZ2,17.070763551365417,18.5,1.4292364486345832,-1.2714465243249362
2022-08-18,ESU2,ESZ2,17.669927705120244,18.25,0.5800722948797556,-2.0621224563900893
2022-08-19,ESU2,ESZ2,16.738251404062794,18.25,1.5117485959372061,-0.9676211697559866
2022-08-22,ESU2,ESZ2,15.832872085294184,17.75,1.9171279147058158,-0.5223286137132084
2022-08-23,ESU2,ESZ2,16.0830899634675,17.5,1.4169100365324994,-0.9665688104480363
2022-08-24,ESU2,ESZ2,16.154920092272732,17.75,1.5950799077272677,-0.7546929376210909
2022-08-25,ESU2,ESZ2,16.906386101513817,18.25,1.3436138984861827,-1.0513363863319296
2022-08-26,ESU2,ESZ2,15.825131309734843,17.25,1.424868690265157,-0.8924911933931571
2022-08-29,ESU2,ESZ2,15.197417369810864,17.25,2.0525826301891357,-0.18611708479060568
2022-08-30,ESU2,ESZ2,15.159424587398007,17.0,1.8405754126019929,-0.39440616387211197
2022-08-31,ESU2,ESZ2,15.191694933592316,16.75,1.5583050664076836,-0.6828438370489406
2022-09-01,ESU2,ESZ2,15.46130930730169,16.5,1.0386906926983102,-1.2594472638294774
2022-09-02,ESU2,ESZ2,15.251545096555674,16.0,0.7484549034443262,-1.5199760086327296
2022-09-06,ESU2,ESZ2,14.285552265478145,16.25,1.9644477345218547,-0.006438249887610478
2022-09-07,ESU2,ESZ2,15.199319133808785,16.75,1.5506808661912146,-0.4498948782082171
2022-09-08,ESU2,ESZ2,15.943168042232628,16.75,0.8068319577673719,-1.3883458301888063
2022-09-09,ESU2,ESZ2,16.565709638125554,18.25,1.6842903618744458,-0.1290223123900174
2022-09-12,ESU2,ESZ2,16.823429282452707,19.25,2.4265707175472926,0.8852264651113095
2022-09-13,ESU2,ESZ2,15.515868950729327,19.0,3.4841310492706725,2.393051134062648
2022-09-14,ESZ2,ESH3,25.047544113894674,30.0,4.9524558861053265,4.187997228968939
2022-09-15,ESZ2,ESH3,25.519346291420334,30.25,4.730653708579666,3.189927336313217
2022-09-16,ESZ2,ESH3,25.371112783940134,29.25,3.8788872160598658,1.939226235247765
2022-09-19,ESZ2,ESH3,25.478229728843417,29.75,4.2717702711565835,2.1295474854754204
2022-09-20,ESZ2,ESH3,25.24821931457882,29.5,4.251780685421181,1.9903612319349981
2022-09-21,ESZ2,ESH3,24.403339593455257,29.5,5.096660406544743,2.510277392821294
2022-09-22,ESZ2,ESH3,24.659724733155144,29.25,4.590275266844856,1.8257084378798933
2022-09-23,ESZ2,ESH3,24.160401970443672,28.5,4.339598029556328,1.4924299855839653
2022-09-26,ESZ2,ESH3,23.941590422248737,27.75,3.808409577751263,1.0105186616834692
2022-09-27,ESZ2,ESH3,23.897254360990246,27.25,3.352745639009754,0.6311987479118045
2022-09-28,ESZ2,ESH3,24.279087496821376,27.5,3.2209125031786243,0.49879842193387136
2022-09-29,ESZ2,ESH3,22.693468765633042,26.5,3.8065312343669575,0.8687204137277853
2022-09-30,ESZ2,ESH3,22.743257320302746,26.5,3.756742679697254,0.7781353511711129
2022-10-03,ESZ2,ESH3,23.34664299640417,27.5,4.153357003595829,1.009722200033561
2022-10-04,ESZ2,ESH3,24.432951895128554,29.0,4.567048104871446,1.241193245681311
2022-10-05,ESZ2,ESH3,24.856079724707342,29.0,4.143920275292658,0.8600681070815706
2022-10-06,ESZ2,ESH3,24.70327776761542,28.75,4.046722232384582,0.733982004919543
2022-10-07,ESZ2,ESH3,23.674742612792215,28.5,4.825257387207785,1.2420855433321794
2022-10-10,ESZ2,ESH3,23.21568898868327,28.25,5.034311011316731,1.314616376564
2022-10-11,ESZ2,ESH3,23.807284356327727,27.75,3.9427156436722726,0.4413498941932154
2022-10-12,ESZ2,ESH3,23.958568001537515,28.0,4.041431998462485,0.47314910217344114
2022-10-13,ESZ2,ESH3,25.156562514200687,30.0,4.843437485799313,1.0279265031153813
2022-10-14,ESZ2,ESH3,25.34359114392055,29.0,3.6564088560794517,0.05938437093021114
2022-10-17,ESZ2,ESH3,26.525515901309518,30.25,3.724484098690482,0.048077006567119294
2022-10-18,ESZ2,ESH3,26.94990710524553,30.75,3.8000928947544708,0.032191674705386863
2022-10-19,ESZ2,ESH3,26.699227740278275,30.75,4.050772259721725,0.21751978129177343
2022-10-20,ESZ2,ESH3,26.707476908282388,30.5,3.7925230917176123,-0.12478378591259522
2022-10-21,ESZ2,ESH3,27.919248731106563,30.75,2.8307512688934366,-1.6048906551707909
2022-10-24,ESZ2,ESH3,27.561641770403185,31.75,4.188358229596815,0.223149559964124
2022-10-25,ESZ2,ESH3,28.151964625823894,31.75,3.5980353741761064,-0.9189654629395283
2022-10-26,ESZ2,ESH3,27.803876313443197,31.5,3.6961236865568026,-0.7539290362194038
2022-10-27,ESZ2,ESH3,27.334606185116172,30.75,3.415393814883828,-1.2315452833071057
2022-10-28,ESZ2,ESH3,28.065175735520825,32.25,4.184824264479175,0.304466647878004
2022-10-31,ESZ2,ESH3,27.72517211038212,32.0,4.274827889617882,0.45567859630774477
2022-11-01,ESZ2,ESH3,27.96438591439255,32.25,4.285614085607449,0.4758835683520287
2022-11-02,ESZ2,ESH3,27.090243724192987,31.0,3.9097562758070126,-0.23825273841403652
2022-11-03,ESZ2,ESH3,26.807796790480097,30.75,3.942203209519903,-0.11010448589826918
2022-11-04,ESZ2,ESH3,27.71635557155878,30.75,3.033644428441221,-1.976461252245331
2022-11-07,ESZ2,ESH3,27.946067310124818,31.5,3.5539326898751824,-0.7531448841716096
2022-11-08,ESZ2,ESH3,28.184221141386843,31.75,3.5657788586131574,-0.7064824869015514
2022-11-09,ESZ2,ESH3,27.739587035567183,30.5,2.760412964432817,-2.3476826067866887
2022-11-10,ESZ2,ESH3,30.150541576709657,32.5,2.3494584232903435,-2.969987483480012
2022-11-11,ESZ2,ESH3,30.545085507304066,32.75,2.2049144926959343,-2.7710959740440653
2022-11-14,ESZ2,ESH3,28.873731813727318,33.0,4.126268186272682,0.4651199041062763
2022-11-15,ESZ2,ESH3,29.296049677499013,33.5,4.203950322500987,0.5825217939516819
2022-11-16,ESZ2,ESH3,29.002334304867873,33.25,4.247665695132127,0.6766587532273604
2022-11-17,ESZ2,ESH3,28.856565854984183,33.25,4.393434145015817,0.8893224281840952
2022-11-18,ESZ2,ESH3,29.08240657045053,33.5,4.41759342954947,0.8983676784995781
2022-11-21,ESZ2,ESH3,28.866219256304703,33.5,4.633780743695297,1.2742959567541703
2022-11-22,ESZ2,ESH3,29.648857845667408,34.0,4.351142154332592,0.8921717337255318
2022-11-23,ESZ2,ESH3,30.167208502377434,34.25,4.082791497622566,0.43926710402287006
2022-11-25,ESZ2,ESH3,30.121147565150295,34.0,3.878852434849705,0.11731387260755377
2022-11-28,ESZ2,ESH3,28.909587810644098,33.25,4.340412189355902,0.935354600826086
2022-11-29,ESZ2,ESH3,28.713195947552776,33.0,4.2868040524472235,0.7987690245687588
2022-11-30,ESZ2,ESH3,30.082138745940938,34.0,3.917861254059062,0.1679033392897683
2022-12-01,ESZ2,ESH3,30.37123295497622,33.75,3.3787670450237783,-0.7040594088450499
2022-12-02,ESZ2,ESH3,29.90177116213499,33.5,3.5982288378650082,-0.314011981528951
2022-12-05,ESZ2,ESH3,28.92526460704312,32.75,3.8247353929568817,0.05795242717706332
2022-12-06,ESZ2,ESH3,28.34085139098852,31.5,3.1591486090114813,-1.1028775695786435
2022-12-07,ESZ2,ESH3,28.29645351759791,31.0,2.703546482402089,-1.781603366992614
2022-12-08,ESZ2,ESH3,28.766741993300002,31.5,2.733258006699998,-1.602736849310138
2022-12-09,ESZ2,ESH3,28.40034830248169,32.0,3.5996516975183113,-0.18871899099165554
2022-12-12,ESZ2,ESH3,28.935000746870173,33.25,4.314999253129827,0.8792681913384355
2022-12-13,ESZ2,ESH3,29.430906099181357,33.0,3.5690939008186433,-0.24984300505820997
2022-12-14,ESH3,ESM3,32.754820119270335,35.5,2.7451798807296655,-1.4654713767644227
2022-12-15,ESH3,ESM3,31.6050964252031,34.5,2.894903574796899,-1.137271112929516
2022-12-16,ESH3,ESM3,31.33164518376725,33.75,2.4183548162327497,-1.7620218904346192
2022-12-19,ESH3,ESM3,30.39159363323097,33.25,2.8584063667690316,-1.0004704069793646
2022-12-20,ESH3,ESM3,30.705314977667967,33.5,2.7946850223320325,-1.073261566907132
2022-12-21,ESH3,ESM3,31.576577023755362,33.5,1.9234229762446375,-2.201725427004233
2022-12-22,ESH3,ESM3,30.581398211715168,33.0,2.418601788284832,-1.350219663895475
2022-12-23,ESH3,ESM3,31.12140133259254,33.25,2.1285986674074593,-1.6734155502664447
2022-12-27,ESH3,ESM3,31.09898546011118,33.75,2.65101453988882,-1.0025224784221216
2022-12-28,ESH3,ESM3,30.954573397204058,33.0,2.045426602795942,-1.80459970289251
2022-12-29,ESH3,ESM3,31.67038058677008,33.75,2.0796194132299206,-1.609938361426203
2022-12-30,ESH3,ESM3,31.34236573853559,33.75,2.407634261464409,-1.1021639894952078
2023-01-03,ESH3,ESM3,31.388572987798398,33.25,1.8614270122016023,-1.673227912691388
2023-01-04,ESH3,ESM3,31.541149135642172,33.5,1.958850864357828,-1.4396209651463512
2023-01-05,ESH3,ESM3,31.147512780984016,33.5,2.352487219015984,-0.8911495358182423
2023-01-06,ESH3,ESM3,32.755031031767885,33.75,0.994968968232115,-2.4936909790423214
2023-01-09,ESH3,ESM3,32.090859697518226,33.75,1.6591403024817737,-1.4714110937520604
2023-01-10,ESH3,ESM3,32.138226578143986,34.25,2.1117734218560145,-0.8523184989882193
2023-01-11,ESH3,ESM3,32.90168099167431,34.5,1.5983190083256886,-1.3971523168074
2023-01-12,ESH3,ESM3,32.988644611724794,34.75,1.7613553882752058,-1.1325130341133134
2023-01-13,ESH3,ESM3,32.59136655062821,34.75,2.1586334493717914,-0.5789643940636167
2023-01-17,ESH3,ESM3,32.52832602775379,35.0,2.471673972246208,-0.11299057221770806
2023-01-18,ESH3,ESM3,31.69572597669503,34.0,2.30427402330497,-0.3014750740819632
2023-01-19,ESH3,ESM3,31.360348509430423,33.75,2.3896514905695767,-0.13212388652969964
2023-01-20,ESH3,ESM3,32.24547592471026,34.5,2.254524075289737,-0.27305413900686787
2023-01-23,ESH3,ESM3,32.74905008555106,35.0,2.250949914448938,-0.23785388868058335
2023-01-24,ESH3,ESM3,32.66596726048465,34.75,2.084032739515351,-0.4729895040094841
2023-01-25,ESH3,ESM3,32.80452272139701,34.75,1.9454772786029935,-0.6545293062506399
2023-01-26,ESH3,ESM3,33.10111789675784,35.5,2.3988821032421583,0.1404352199806312
2023-01-27,ESH3,ESM3,33.12723970257548,35.75,2.62276029742452,0.7832739504635874
2023-01-30,ESH3,ESM3,32.42283217768545,35.5,3.07716782231455,2.0798731400991306
2023-01-31,ESH3,ESM3,33.26619115942685,35.5,2.233808840573147,0.010598912221403441
2023-02-01,ESH3,ESM3,33.62955741056339,36.0,2.370442589436607,0.39530883266337036
2023-02-02,ESH3,ESM3,34.38488403925203,36.75,2.3651159607479713,0.3869829552035594
2023-02-03,ESH3,ESM3,33.75956338465494,37.0,3.240436615345061,2.663266425197529
2023-02-06,ESH3,ESM3,33.8503116231459,37.0,3.149688376854101,2.2224857413986103
2023-02-07,ESH3,ESM3,34.924489872904815,37.75,2.8255101270951855,1.2747879637360977
2023-02-08,ESH3,ESM3,34.39952814654771,37.25,2.850471853452291,1.268425022504135
2023-02-09,ESH3,ESM3,34.33516065479671,37.25,2.9148393452032906,1.3220922964147588
2023-02-10,ESH3,ESM3,34.4097132478264,37.0,2.590286752173597,0.6131351263659566
2023-02-13,ESH3,ESM3,33.94350824395315,37.75,3.806491756046853,3.065840010158948
2023-02-14,ESH3,ESM3,34.05978648167729,38.0,3.9402135183227074,2.823437155244562
2023-02-15,ESH3,ESM3,34.17479711419401,38.0,3.825202885805993,2.244403013856092
2023-02-16,ESH3,ESM3,33.83485794039734,37.75,3.9151420596026583,2.1431316732764665
2023-02-17,ESH3,ESM3,33.8194510984049,37.5,3.6805489015951025,1.5958205854924172
2023-02-21,ESH3,ESM3,32.784484986682855,36.75,3.9655150133171446,1.8611749847250207
2023-02-22,ESH3,ESM3,32.905132578766825,36.5,3.5948674212331753,1.2635100947261877
2023-02-23,ESH3,ESM3,33.35054332579375,36.75,3.399456674206249,0.9113884057404199
2023-02-24,ESH3,ESM3,32.87472917824698,36.5,3.62527082175302,1.1730297017464706
2023-02-27,ESH3,ESM3,32.93686984620217,36.5,3.563130153797829,1.0211946854715908
2023-02-28,ESH3,ESM3,32.50544292699806,36.25,3.7445570730019426,1.2388031756832059
2023-03-01,ESH3,ESM3,32.36031149013297,36.25,3.889688509867028,1.3789806546334158
2023-03-02,ESH3,ESM3,32.86645873377438,36.25,3.3835412662256203,0.529624911794335
2023-03-03,ESH3,ESM3,33.761525544090546,37.0,3.2384744559094543,0.2649079337206418
2023-03-06,ESH3,ESM3,33.54771776198959,37.25,3.7022822380104117,0.9400588347169013
2023-03-07,ESH3,ESM3,32.82455931882669,37.25,4.425440681173313,2.0118213974764507
2023-03-08,ESH3,ESM3,33.71687138782181,37.75,4.033128612178189,1.2478722637378572
2023-03-09,ESM3,ESU3,38.97769421539897,40.25,1.2723057846010306,-3.140194582323319
2023-03-10,ESM3,ESU3,37.81431964494868,37.0,-0.8143196449486823,-5.8454027979512375
2023-03-13,ESM3,ESU3,35.357517231011116,30.5,-4.857517231011116,-7.932489917478869
2023-03-14,ESM3,ESU3,28.570901385968227,32.0,3.4290986140317727,0.2988218256069304
2023-03-15,ESM3,ESU3,29.667394182647968,28.25,-1.4173941826479677,-2.4333074329705036
2023-03-16,ESM3,ESU3,24.754674097208408,33.25,8.495325902791592,2.936286488695011
2023-03-17,ESM3,ESU3,28.486009399505292,29.5,1.013990600494708,-0.8982871026690037
2023-03-20,ESM3,ESU3,28.556726211371824,31.0,2.4432737886281757,-0.22616882656483991
2023-03-21,ESM3,ESU3,28.370360906556925,33.5,5.129639093443075,0.9901493398073381
2023-03-22,ESM3,ESU3,30.452708968934985,32.75,2.297291031065015,-0.30426125835812845
2023-03-23,ESM3,ESU3,31.182486729517677,31.5,0.3175132704823227,-1.168201420227436
2023-03-24,ESM3,ESU3,30.09129311443121,31.75,1.6587068855687903,-0.5282819456649098
2023-03-27,ESM3,ESU3,28.243809028765554,33.75,5.506190971234446,1.1420720241593094
2023-03-28,ESM3,ESU3,30.77998034553957,33.75,2.9700196544604296,0.012508103472883923
2023-03-29,ESM3,ESU3,31.95116783205731,34.75,2.7988321679426917,-0.04778594288790998
2023-03-30,ESM3,ESU3,32.317639789669556,35.0,2.682360210330444,-0.08106860677501689
2023-03-31,ESM3,ESU3,33.52200813564559,35.75,2.227991864354408,-0.2576043809631552
2023-04-03,ESM3,ESU3,33.99369169752299,36.5,2.5063083024770094,-0.1162277299800633
2023-04-04,ESM3,ESU3,33.98099238630948,34.75,0.7690076136905191,-0.8394930514964358
2023-04-05,ESM3,ESU3,32.818143543328915,34.5,1.6818564566710847,-0.40291957134614953
2023-04-06,ESM3,ESU3,32.23740261440162,35.0,2.762597385598383,0.0812941277286646
2023-04-10,ESM3,ESU3,34.08306508487294,36.75,2.666934915127058,0.04989422188072105
2023-04-11,ESM3,ESU3,34.53515531805715,36.75,2.21484468194285,-0.1287575670040014
2023-04-12,ESM3,ESU3,34.40582179863759,36.25,1.8441782013624106,-0.2682936008769026
2023-04-13,ESM3,ESU3,34.73150095166511,36.75,2.0184990483348884,-0.1675029773851345
2023-04-14,ESM3,ESU3,34.44708148190057,38.0,3.552918518099432,0.5209130570363295
2023-04-17,ESM3,ESU3,35.61692162201689,38.5,2.883078377983111,0.2289261825239589
2023-04-18,ESM3,ESU3,36.18644075207794,38.75,2.5635592479220577,0.09637674100527809
2023-04-19,ESM3,ESU3,36.378147496523525,39.0,2.6218525034764752,0.13878756805561185
2023-04-20,ESM3,ESU3,36.245399377778995,38.5,2.2546006222210053,0.005381276153650607
2023-04-21,ESM3,ESU3,36.109123752161395,38.5,2.390876247838605,0.09268902451896292
2023-04-24,ESM3,ESU3,36.11374185847126,38.75,2.6362581415287423,0.1860584081575059
2023-04-25,ESM3,ESU3,35.17841233225545,36.5,1.3215876677445522,-0.4691338910608614
2023-04-26,ESM3,ESU3,34.233381964759246,36.75,2.5166180352407537,-0.014604679810021146
2023-04-27,ESM3,ESU3,35.264758493339286,38.25,2.9852415066607136,0.2809482319188227
2023-04-28,ESM3,ESU3,36.32463177286627,38.25,1.9253682271337311,-0.4825954302306538
2023-05-01,ESM3,ESU3,36.22489634262729,39.0,2.7751036573727106,0.3211903745911147
2023-05-02,ESM3,ESU3,36.011243301803916,37.5,1.4887566981960845,-0.9952852201738749
2023-05-03,ESM3,ESU3,34.44025250791219,36.75,2.3097474920878085,-0.1513227140124819
2023-05-04,ESM3,ESU3,34.374043218014776,36.25,1.8759567819852236,-0.551419270595358
2023-05-05,ESM3,ESU3,34.41891204000876,37.5,3.081087959991237,0.8008964853023286
2023-05-08,ESM3,ESU3,35.15144859955126,38.0,2.8485514004487413,0.48302630745339015
2023-05-09,ESM3,ESU3,35.19883187307005,38.0,2.8011681269299515,0.38261532647209856
2023-05-10,ESM3,ESU3,35.567986465609465,38.0,2.432013534390535,0.05586015482953782
2023-05-11,ESM3,ESU3,35.32669532142336,37.75,2.423304678576642,0.07278593305268145
2023-05-12,ESM3,ESU3,34.815657804680995,38.25,3.4343421953190045,1.861791962674777
2023-05-15,ESM3,ESU3,35.35144835095616,38.25,2.8985516490438386,0.8381027242402486
2023-05-16,ESM3,ESU3,35.148110833998544,38.25,3.101889166001456,1.1273010122517548
2023-05-17,ESM3,ESU3,36.04614389427479,38.75,2.703856105725208,0.4313634590491963
2023-05-18,ESM3,ESU3,36.78508090116702,40.0,3.214919098832979,1.3314727324839037
2023-05-19,ESM3,ESU3,37.23187319835688,40.0,2.7681268016431204,0.40941276899719037
2023-05-22,ESM3,ESU3,37.067650179365046,40.5,3.432349820634954,1.664797232171283
2023-05-23,ESM3,ESU3,36.71580350919703,40.5,3.7841964908029695,2.1840057730163047
2023-05-24,ESM3,ESU3,36.67256739212462,40.25,3.57743260787538,1.606149257992268
2023-05-25,ESM3,ESU3,37.46268422187768,41.25,3.78731577812232,1.8474002959740077
2023-05-26,ESM3,ESU3,38.7888520238057,42.25,3.4611479761942974,1.1638721162420447
2023-05-30,ESM3,ESU3,38.82282660320834,42.5,3.677173396791659,1.5304174453533275
2023-05-31,ESM3,ESU3,38.565090113825136,41.75,3.1849098861748644,0.6555558036774618
2023-06-01,ESM3,ESU3,38.84768948636065,41.75,2.9023105136393497,0.17571547356200934
2023-06-02,ESM3,ESU3,39.0685147984741,43.0,3.931485201525902,1.7794932411595732
2023-06-05,ESM3,ESU3,39.25989586600372,43.0,3.740104133996283,1.3407376156513242
2023-06-06,ESM3,ESU3,39.14541831496081,43.25,4.104581685039193,1.789622772479402
2023-06-07,ESM3,ESU3,38.92180534630006,43.0,4.0781946536999385,1.5998325151613173
2023-06-08,ESM3,ESU3,39.35674319629743,43.5,4.14325680370257,1.6582771167789356
2023-06-09,ESM3,ESU3,39.27856870743926,44.0,4.721431292560737,2.3694959609372086
2023-06-12,ESM3,ESU3,39.74059600097917,45.25,5.509403999020833,3.1537864056734097
2023-06-13,ESU3,ESZ3,41.21648803666358,45.75,4.533511963336423,1.5256322388517627
2023-06-14,ESU3,ESZ3,41.25857907899717,46.0,4.7414209210028275,1.6553747830682632
2023-06-15,ESU3,ESZ3,42.41837541260247,47.0,4.581624587397528,1.4003531077736289
2023-06-16,ESU3,ESZ3,42.29618534289057,47.0,4.703814657109433,1.462931944468114
2023-06-20,ESU3,ESZ3,42.374039635950794,46.5,4.125960364049206,0.6625656420263517
2023-06-21,ESU3,ESZ3,41.93921991872776,46.25,4.310780081272242,0.8564409588066065
2023-06-22,ESU3,ESZ3,42.47548108428873,46.5,4.024518915711269,0.4287578090430665
2023-06-23,ESU3,ESZ3,42.09886484644812,46.0,3.901135153551877,0.22076784098128785
2023-06-26,ESU3,ESZ3,41.66625008063784,46.0,4.3337499193621625,0.7706360583672255
2023-06-27,ESU3,ESZ3,42.23208052430164,47.0,4.767919475698363,1.3690032543446085
2023-06-28,ESU3,ESZ3,42.40264801590183,47.25,4.847351984098168,1.3886683640333477
2023-06-29,ESU3,ESZ3,42.863645451733646,48.0,5.136354548266354,1.7267443990657632
2023-06-30,ESU3,ESZ3,44.2244141200581,48.5,4.2755858799419,0.3607957423794936
2023-07-03,ESU3,ESZ3,44.031518660070105,48.5,4.468481339929895,0.6015352680483657
2023-07-05,ESU3,ESZ3,43.8679731262082,48.25,4.382026873791801,0.4156057558651119
2023-07-06,ESU3,ESZ3,43.27162334649802,48.0,4.728376653501982,0.9557284460341656
2023-07-07,ESU3,ESZ3,43.583617662347024,47.75,4.166382337652976,-0.08574841554498967
2023-07-10,ESU3,ESZ3,43.27320798928304,47.75,4.476792010716963,0.438077683205236
2023-07-11,ESU3,ESZ3,43.662836865401914,48.0,4.337163134598086,0.14211034754487217
2023-07-12,ESU3,ESZ3,44.205867336308074,48.25,4.044132663691926,-0.42388422918335217
2023-07-13,ESU3,ESZ3,44.515579911178065,48.75,4.234420088821935,-0.11653334253707412
2023-07-14,ESU3,ESZ3,44.05282014347813,49.5,5.4471798565218705,2.1969013620531115
2023-07-17,ESU3,ESZ3,44.55430864143,49.5,4.945691358570002,1.0895505772975802
2023-07-18,ESU3,ESZ3,44.90125115005685,50.0,5.098748849943149,1.4710411903222231
2023-07-19,ESU3,ESZ3,44.95702172525853,50.5,5.542978274741472,2.3827980765631307
2023-07-20,ESU3,ESZ3,44.61412095153719,50.0,5.385879048462812,1.8219159399878728
2023-07-21,ESU3,ESZ3,44.73625038643877,50.25,5.513749613561231,1.9411896828775124
2023-07-24,ESU3,ESZ3,44.95456253939028,50.5,5.545437460609719,1.8374907246575904
2023-07-25,ESU3,ESZ3,45.05005800230174,50.75,5.699941997698261,1.9894030537545417
2023-07-26,ESU3,ESZ3,45.23387384653415,51.0,5.766126153465848,1.9321805094597007
2023-07-27,ESU3,ESZ3,45.00294123654203,51.0,5.9970587634579715,2.2831853237524973
2023-07-28,ESU3,ESZ3,45.61726893742798,51.5,5.88273106257202,1.840172271925307
2023-07-31,ESU3,ESZ3,45.313518273831505,51.5,6.186481726168495,2.166810188093275
2023-08-01,ESU3,ESZ3,45.137875052495474,51.75,6.612124947504526,2.5724988081506384
2023-08-02,ESU3,ESZ3,44.42739012597849,51.0,6.572609874021509,2.193603278640301
2023-08-03,ESU3,ESZ3,44.280432182258664,50.75,6.469567817741336,1.8447891810071844
2023-08-04,ESU3,ESZ3,43.94945914079926,50.0,6.050540859200737,1.1731998889362685
2023-08-07,ESU3,ESZ3,44.3534804724095,50.5,6.146519527590499,1.2195224531517643
2023-08-08,ESU3,ESZ3,44.07759455779524,49.75,5.672405442204763,0.5520293331868487
2023-08-09,ESU3,ESZ3,43.65355029731563,49.5,5.846449702684367,0.7293285499824328
2023-08-10,ESU3,ESZ3,43.657867552448806,49.25,5.592132447551194,0.3553776905221811
2023-08-11,ESU3,ESZ3,43.45790627518909,49.25,5.792093724810911,0.5834567360921081
2023-08-14,ESU3,ESZ3,43.91850145248554,49.75,5.831498547514457,0.6035815564696608
2023-08-15,ESU3,ESZ3,43.34327901934739,49.0,5.656720980652608,0.32153056445170897
2023-08-16,ESU3,ESZ3,42.88163322649689,48.5,5.618366773503112,0.22413060906450963
2023-08-17,ESU3,ESZ3,42.40366264524346,48.0,5.5963373547565425,0.14333236993590967
2023-08-18,ESU3,ESZ3,42.37763558322513,47.5,5.122364416774872,-0.582735377503438
2023-08-21,ESU3,ESZ3,42.598483119306366,48.25,5.6515168806936344,0.14776318994564389
2023-08-22,ESU3,ESZ3,42.55670509503034,48.0,5.443294904969662,-0.24816360540060453
2023-08-23,ESU3,ESZ3,43.20113264716565,48.5,5.29886735283435,-0.5892173538734171
2023-08-24,ESU3,ESZ3,42.36897844043506,48.0,5.631021559564942,-0.08863834112359349
2023-08-25,ESU3,ESZ3,42.8514983551313,48.75,5.898501644868702,0.442945703784785
2023-08-28,ESU3,ESZ3,43.445735010665885,49.0,5.554264989334115,-0.4537649670996537
2023-08-29,ESU3,ESZ3,44.33265795763327,49.75,5.417342042366727,-0.9084243572284317
2023-08-30,ESU3,ESZ3,44.410748372843045,49.75,5.339251627156955,-1.1950181923224061
2023-08-31,ESU3,ESZ3,44.162067747957735,49.75,5.587932252042265,-0.4721744798893847
2023-09-01,ESU3,ESZ3,44.26360532783656,49.5,5.236394672163442,-1.4786531192860397
2023-09-05,ESU3,ESZ3,43.69642495585322,49.5,5.803575044146783,0.1258095368646639
2023-09-06,ESU3,ESZ3,43.37660633554606,49.0,5.623393664453943,-0.388525005512629
2023-09-07,ESU3,ESZ3,43.283847026480544,49.0,5.716152973519456,-0.12823294471871233
2023-09-08,ESU3,ESZ3,43.350680586650924,49.5,6.149319413349076,1.0554262483821755
2023-09-11,ESU3,ESZ3,43.58893596466078,49.25,5.661064035339223,-0.2840377511131853
2023-09-12,ESU3,ESZ3,43.21701232338819,48.75,5.5329876766118105,-0.6089729885470363
2023-09-13,ESZ3,ESH4,45.04446164311503,52.25,7.205538356884972,4.024649440132162
2023-09-14,ESZ3,ESH4,45.793732409079894,52.25,6.456267590920106,1.644883119740327
2023-09-15,ESZ3,ESH4,44.89419562500552,51.5,6.605804374994477,2.0406060507348087
2023-09-18,ESZ3,ESH4,44.759611154685444,51.25,6.4903888453145555,1.71764978386733
2023-09-19,ESZ3,ESH4,44.82931546499003,51.25,6.420684535009968,1.4595490065407672
2023-09-20,ESZ3,ESH4,44.22916375004752,50.75,6.520836249952481,1.6255117028321195
2023-09-21,ESZ3,ESH4,43.20000576823077,49.5,6.299994231769233,1.034488404095471
2023-09-22,ESZ3,ESH4,43.255227379234384,49.25,5.994772620765616,0.3519446096118312
2023-09-25,ESZ3,ESH4,43.118464984198,49.0,5.881535015802001,0.08937975920282996
2023-09-26,ESZ3,ESH4,42.31168999436068,48.5,6.188310005639323,0.7211202106937197
2023-09-27,ESZ3,ESH4,42.216271875097846,48.5,6.283728124902154,0.8871746117112496
2023-09-28,ESZ3,ESH4,42.55069936824293,48.5,5.949300631757069,0.1530880135723713
2023-09-29,ESZ3,ESH4,42.3750340888937,48.25,5.874965911106301,-0.021317319294230135
2023-10-02,ESZ3,ESH4,42.01567692449589,48.5,6.484323075504108,1.2172140100886806
2023-10-03,ESZ3,ESH4,41.79884072072582,48.0,6.201159279274179,0.5517277986343715
2023-10-04,ESZ3,ESH4,42.16456864339125,47.75,5.585431356608751,-0.7895280791986004
2023-10-05,ESZ3,ESH4,41.85457278593003,47.75,5.895427214069969,-0.14470161237480506
2023-10-06,ESZ3,ESH4,42.27194715536916,48.75,6.478052844630838,1.0980436540121035
2023-10-09,ESZ3,ESH4,42.69362395362168,48.25,5.556376046378318,-1.0006204930889382
2023-10-10,ESZ3,ESH4,43.40376484816443,49.0,5.596235151835572,-0.8740768881021108
2023-10-11,ESZ3,ESH4,42.937246250477074,49.0,6.062753749522926,0.13365938432794214
2023-10-12,ESZ3,ESH4,42.527372727585316,49.0,6.472627272414684,1.0063586439068632
2023-10-13,ESZ3,ESH4,42.61047571756717,48.25,5.639524282432831,-0.9677199576557078
2023-10-16,ESZ3,ESH4,43.019866281725626,49.25,6.230133718274374,0.38759191372650525
2023-10-17,ESZ3,ESH4,43.06829534577264,49.5,6.43170465422736,0.8306119255467663
2023-10-18,ESZ3,ESH4,42.65418319583114,48.25,5.595816804168862,-1.2833110973403623
2023-10-19,ESZ3,ESH4,42.17607751380456,47.5,5.323922486195443,-1.9457541343272156
2023-10-20,ESZ3,ESH4,41.1308505594734,46.75,5.6191494405265985,-1.1344569637628041
2023-10-23,ESZ3,ESH4,40.6010702715821,46.5,5.898929728417897,-0.4271113216277701
2023-10-24,ESZ3,ESH4,40.99729273553476,47.0,6.0027072644652435,-0.20947970482664213
2023-10-25,ESZ3,ESH4,40.254213363202325,46.0,5.745786636797675,-0.8708687757169487
2023-10-26,ESZ3,ESH4,39.56706322086848,45.0,5.4329367791315235,-1.7133668432552696
2023-10-27,ESZ3,ESH4,39.1811247543028,44.75,5.5688752456972,-1.2173538192212923
2023-10-30,ESZ3,ESH4,39.66677896330384,45.5,5.833221036696159,-0.4290917527639697
2023-10-31,ESZ3,ESH4,40.17572876442682,45.75,5.574271235573178,-1.1086225027178582
2023-11-01,ESZ3,ESH4,40.92747675028386,45.75,4.822523249716141,-3.1721281857899637
2023-11-02,ESZ3,ESH4,42.01228296987756,47.0,4.98771703012244,-2.2957489207828785
2023-11-03,ESZ3,ESH4,42.27356172185682,47.75,5.476438278143178,-0.8769993427488907
2023-11-06,ESZ3,ESH4,42.017566763232935,47.5,5.482433236767065,-0.8128511636086914
2023-11-07,ESZ3,ESH4,42.017650698153375,48.0,5.982349301846625,0.407345724102032
2023-11-08,ESZ3,ESH4,42.21179974752795,48.25,6.038200252472052,0.5616631838902439
2023-11-09,ESZ3,ESH4,41.727741333757876,47.75,6.022258666242124,0.5528902182628485
2023-11-10,ESZ3,ESH4,42.78436564090862,48.25,5.465634359091382,-0.8036194550816197
2023-11-13,ESZ3,ESH4,42.72759025856067,48.5,5.772409741439333,-0.026768784369748232
2023-11-14,ESZ3,ESH4,43.96280318543813,49.0,5.037196814561867,-1.8289155221956286
2023-11-15,ESZ3,ESH4,43.600820098296936,49.5,5.899179901703064,0.43743560085915245
2023-11-16,ESZ3,ESH4,43.654307685688764,49.25,5.595692314311236,-0.33311060787802355
2023-11-17,ESZ3,ESH4,43.5718402811799,49.25,5.678159718820098,-0.10644190274362746
2023-11-20,ESZ3,ESH4,44.14051726396883,49.75,5.609482736031168,-0.2238497419338789
2023-11-21,ESZ3,ESH4,44.04783375756688,50.0,5.9521662424331225,0.6711631993831485
2023-11-22,ESZ3,ESH4,44.30205651668257,50.0,5.697943483317431,-0.02748821196338016
2023-11-24,ESZ3,ESH4,44.31682584264672,50.0,5.683174157353278,-0.03483445572144203
2023-11-27,ESZ3,ESH4,44.29868936799903,50.0,5.701310632000968,0.09010184803726505
2023-11-28,ESZ3,ESH4,44.24231402680198,49.75,5.507685973198022,-0.47298225357309287
2023-11-29,ESZ3,ESH4,44.059879887558964,49.75,5.690120112441036,0.12686019400591442
2023-11-30,ESZ3,ESH4,44.14741486632465,50.0,5.852585133675348,0.7703922515514728
2023-12-01,ESZ3,ESH4,44.614685363490025,50.25,5.635314636509975,0.011643281761101328
2023-12-04,ESZ3,ESH4,43.98842531483206,50.0,6.011574685167943,1.2527177805934406
2023-12-05,ESZ3,ESH4,44.06467282183894,50.25,6.18532717816106,1.7527409232796096
2023-12-06,ESZ3,ESH4,43.93688468637538,50.25,6.313115313624621,2.0604082971302065
2023-12-07,ESZ3,ESH4,44.301960942068945,51.0,6.698039057931055,3.0918754363393353
2023-12-08,ESH4,ESM4,46.27720352448614,51.5,5.22279647551386,-1.2743881024640664
2023-12-11,ESH4,ESM4,47.300071013452,51.75,4.449928986548002,-3.2301054305935315
2023-12-12,ESH4,ESM4,47.98535264865677,51.75,3.7646473513432284,-4.227119639601766
2023-12-13,ESH4,ESM4,48.52321161532382,51.25,2.7267883846761833,-5.068815035862899
2023-12-14,ESH4,ESM4,47.69821335869074,51.0,3.3017866413092634,-2.850615010532262
2023-12-15,ESH4,ESM4,46.197311585163334,52.0,5.802688414836666,0.4117104639403641
2023-12-18,ESH4,ESM4,47.436936125481225,52.25,4.813063874518775,-0.7706486957052627
2023-12-19,ESH4,ESM4,47.72165115479129,52.5,4.778348845208711,-0.7776574847096476
2023-12-20,ESH4,ESM4,46.614444504654784,51.0,4.385555495345216,-1.1914168880047895
2023-12-21,ESH4,ESM4,46.684447128192005,51.75,5.065552871807995,-0.34927691057008076
2023-12-22,ESH4,ESM4,46.33256185751634,51.0,4.667438142483661,-0.7664187446244959
2023-12-26,ESH4,ESM4,46.68104093445163,51.75,5.06895906554837,-0.2607665950746685
2023-12-27,ESH4,ESM4,47.024982193518554,51.5,4.475017806481446,-0.9191518092413097
2023-12-28,ESH4,ESM4,46.56684799552659,51.5,4.933152004473413,-0.34782169944195296
2023-12-29,ESH4,ESM4,46.39853516621406,51.5,5.10146483378594,-0.1544065191850042
2024-01-02,ESH4,ESM4,46.31911262827907,51.25,4.930887371720928,-0.3192502828986641
2024-01-03,ESH4,ESM4,46.258047057913245,51.5,5.241952942086755,0.058893002936580695
2024-01-04,ESH4,ESM4,46.27274844530075,52.0,5.727251554699251,0.6303920385738292
2024-01-05,ESH4,ESM4,46.628758791979635,51.5,4.871241208020365,-0.3513665614878735
2024-01-08,ESH4,ESM4,47.594556450748314,52.5,4.905443549251686,-0.2746651811673742
2024-01-09,ESH4,ESM4,47.294528381206874,52.5,5.205471618793126,0.1026380259095788
2024-01-10,ESH4,ESM4,47.90211954532879,52.75,4.847880454671213,-0.2962833918844498
2024-01-11,ESH4,ESM4,47.51955242617714,52.5,4.9804475738228575,-0.10874807749847784
2024-01-12,ESH4,ESM4,47.55326777116716,51.75,4.196732228832843,-1.0164929511673544
2024-01-16,ESH4,ESM4,46.58265511092213,52.5,5.917344889077867,1.073258435192907
2024-01-17,ESH4,ESM4,46.565392769185564,52.75,6.184607230814436,1.3814901396970152
2024-01-18,ESH4,ESM4,47.975763716684014,53.25,5.274236283315986,0.2849882710991599
2024-01-19,ESH4,ESM4,48.790796290531944,54.5,5.709203709468056,0.829846295510228
2024-01-22,ESH4,ESM4,49.37115389926021,55.75,6.378846100739793,1.669701423624429
2024-01-23,ESH4,ESM4,49.739814920090794,55.5,5.760185079909206,0.9217115649493045
2024-01-24,ESH4,ESM4,49.80680153643334,56.0,6.1931984635666595,1.5691571350883526
2024-01-25,ESH4,ESM4,50.016974452109935,56.0,5.983025547890065,1.214308700165394
2024-01-26,ESH4,ESM4,49.77673494535702,56.25,6.4732650546429795,1.7233028445645537
2024-01-29,ESH4,ESM4,50.38674806045765,56.25,5.8632519395423515,0.8774118033906821
2024-01-30,ESH4,ESM4,50.33685573679122,56.25,5.913144263208778,0.9535476740028368
2024-01-31,ESH4,ESM4,49.423573422398476,54.75,5.326426577601524,0.007726390645397021
2024-02-01,ESH4,ESM4,49.183774210247066,55.0,5.816225789752934,0.8309643101627384
2024-02-02,ESH4,ESM4,50.301797094666654,57.0,6.698202905333346,2.2138324765982356
2024-02-05,ESH4,ESM4,51.162788369631016,57.0,5.837211630368984,0.6654164790802096
2024-02-06,ESH4,ESM4,51.72375972352074,57.0,5.276240276479257,-0.27940079556880626
2024-02-07,ESH4,ESM4,52.13227983018896,57.5,5.367720169811037,-0.14558198379355566
2024-02-08,ESH4,ESM4,51.73323440107288,57.75,6.0167655989271225,0.8818534326022044
2024-02-09,ESH4,ESM4,52.52251061905281,58.25,5.7274893809471905,0.3513762409210878
2024-02-12,ESH4,ESM4,52.46720047462895,58.5,6.032799525371047,0.827060952596794
2024-02-13,ESH4,ESM4,51.4856625194152,58.0,6.5143374805848,1.614332235305764
2024-02-14,ESH4,ESM4,52.87173181754497,58.5,5.628268182455031,-0.01832390244135748
2024-02-15,ESH4,ESM4,53.11289583635789,59.0,5.887104163642107,0.3929318822453111
2024-02-16,ESH4,ESM4,52.58811512787452,59.0,6.4118848721254835,1.2820117626174783
2024-02-20,ESH4,ESM4,52.49636576860121,58.5,6.003634231398792,0.5092284060707511
2024-02-21,ESH4,ESM4,52.61473418104379,58.75,6.1352658189562135,0.6935050029739208
2024-02-22,ESH4,ESM4,52.99047452948798,61.0,8.009525470512017,4.081270304047324
2024-02-23,ESH4,ESM4,53.154957188460685,61.0,7.845042811539315,2.941071958910616
2024-02-26,ESH4,ESM4,53.018340018194976,61.0,7.981659981805024,2.7427623615245382
2024-02-27,ESH4,ESM4,53.30190345197025,61.0,7.698096548029753,2.0452014301466157
2024-02-28,ESH4,ESM4,53.16836186757064,61.0,7.831638132429362,2.1463621851912307
2024-02-29,ESH4,ESM4,53.38211870811756,61.5,8.11788129188244,2.276544937410963
2024-03-01,ESH4,ESM4,53.79037069687729,62.0,8.20962930312271,2.1337838905500908
2024-03-04,ESM4,ESU4,47.475776796244645,55.0,7.524223203755355,1.1918533264290985
2024-03-05,ESM4,ESU4,47.093157624087326,54.25,7.1568423759126745,0.7207188670563708
2024-03-06,ESM4,ESU4,47.44144765636884,54.75,7.308552343631163,0.848009582731531
2024-03-07,ESM4,ESU4,47.88400010852456,55.25,7.36599989147544,0.8541623850123118
2024-03-08,ESM4,ESU4,47.16739549046633,54.75,7.582604509533667,1.0328405413380943
2024-03-11,ESM4,ESU4,46.55154958509138,54.75,8.19845041490862,1.6080367057721492
2024-03-12,ESM4,ESU4,47.98452938968694,56.0,8.01547061031306,1.3041276823805783
2024-03-13,ESM4,ESU4,48.390991752308764,56.5,8.109008247691236,1.3072623919339985
2024-03-14,ESM4,ESU4,48.483786040798805,56.0,7.516213959201195,0.642491577292807
2024-03-15,ESM4,ESU4,48.31779554879449,56.5,8.182204451205507,1.2611286990302817
2024-03-18,ESM4,ESU4,49.02389804374798,57.75,8.726101956252023,1.7239432182920171
2024-03-19,ESM4,ESU4,49.678018077046545,57.5,7.821981922953455,0.7167844807774352
2024-03-20,ESM4,ESU4,50.01503577457879,57.25,7.2349642254212085,0.09253793957523859
2024-03-21,ESM4,ESU4,49.842912667956625,58.0,8.157087332043375,0.9883183276955809
2024-03-22,ESM4,ESU4,49.3538647568339,57.25,7.8961352431661,0.6549129001878168
2024-03-25,ESM4,ESU4,49.15113208876028,57.25,8.098867911239722,0.8329327473676337
2024-03-26,ESM4,ESU4,48.97260667073897,57.25,8.27739332926103,0.9972258823256636
2024-03-27,ESM4,ESU4,49.68692927394022,57.75,8.063070726059777,0.677282796360544
2024-03-28,ESM4,ESU4,49.52780309190439,58.5,8.972196908095611,1.7735038956680877
2024-04-01,ESM4,ESU4,49.805231596170415,58.5,8.694768403829585,1.3661334858767116
2024-04-02,ESM4,ESU4,49.79382618652107,58.0,8.206173813478927,0.6339830958977565
2024-04-03,ESM4,ESU4,49.87247371640751,57.75,7.877526283592488,0.0721897275923932
2024-04-04,ESM4,ESU4,48.76751096889984,56.75,7.982489031100158,0.1646868403148335
2024-04-05,ESM4,ESU4,49.14662687532018,58.0,8.85337312467982,2.118908945113557
2024-04-08,ESM4,ESU4,49.612391896133886,58.25,8.637608103866114,1.439423724059294
2024-04-09,ESM4,ESU4,49.84286309103845,58.0,8.157136908961547,0.3139262186410969
2024-04-10,ESM4,ESU4,48.96876525014068,59.0,10.031234749859323,4.29167198342933
2024-04-11,ESM4,ESU4,50.68665469143616,58.75,8.06334530856384,-0.05101017973193236
2024-04-12,ESM4,ESU4,49.67185441554011,58.0,8.32814558445989,0.38430206291564456
2024-04-15,ESM4,ESU4,48.47618050810706,57.25,8.773819491892937,1.124636655322652
2024-04-16,ESM4,ESU4,48.68602545139038,57.25,8.563974548609622,0.723373209348366
2024-04-17,ESM4,ESU4,48.28359409527184,57.25,8.966405904728163,1.3456654625689919
2024-04-18,ESM4,ESU4,48.217812148980556,56.75,8.532187851019444,0.5308296908302974
2024-04-19,ESM4,ESU4,47.62463335159009,56.0,8.375366648409909,0.20073362002473222
2024-04-22,ESM4,ESU4,48.18681863835536,56.5,8.313181361644638,0.031192998127656975
2024-04-23,ESM4,ESU4,48.96079947663111,57.25,8.28920052336889,-0.06122289131306716
2024-04-24,ESM4,ESU4,48.96493218327578,57.5,8.535067816724222,0.40871805784962023
2024-04-25,ESM4,ESU4,48.63574682957733,57.5,8.864253170422671,1.0162169137746733
2024-04-26,ESM4,ESU4,49.4036708777503,57.75,8.3463291222497,-0.038462470299715626
2024-04-29,ESM4,ESU4,49.625883436655386,57.5,7.874116563344614,-1.0480127408963644
2024-04-30,ESM4,ESU4,48.542118536314774,57.0,8.457881463685226,0.14708330841035652
2024-05-01,ESM4,ESU4,48.42751931860403,56.25,7.822480681395973,-1.1050276395926746
2024-05-02,ESM4,ESU4,49.23180536090695,56.5,7.268194639093053,-2.2140217032387666
2024-05-03,ESM4,ESU4,49.7561672852662,57.25,7.493832714733799,-1.773987867904573
2024-05-06,ESM4,ESU4,49.85046792254798,58.25,8.399532077452022,0.08758397285172412
2024-05-07,ESM4,ESU4,49.93830795564827,58.5,8.56169204435173,0.3714859917472393
2024-05-08,ESM4,ESU4,50.170372790006695,58.5,8.329627209993305,-0.11005964748863975
2024-05-09,ESM4,ESU4,50.304637409802126,59.0,8.695362590197874,0.6000984543883212
2024-05-10,ESM4,ESU4,50.412499598329305,59.25,8.837500401670695,0.8376430656358568
2024-05-13,ESM4,ESU4,50.378290308694886,59.5,9.121709691305114,1.4144019698009784
2024-05-14,ESM4,ESU4,50.9215474039147,59.75,8.828452596085299,0.7860564703077897
2024-05-15,ESM4,ESU4,51.73833182532326,61.0,9.261668174676743,1.5663048067534662
2024-05-16,ESM4,ESU4,51.4092044590343,61.25,9.8407955409657,2.534922060070349
2024-05-17,ESM4,ESU4,51.67051287310278,61.25,9.57948712689722,1.779132533671784
2024-05-20,ESM4,ESU4,51.7080254602688,61.75,10.0419745397312,2.4192005598690605
2024-05-21,ESM4,ESU4,51.858470833954016,62.25,10.391529166045984,2.6684020104843515
2024-05-22,ESM4,ESU4,51.6503585389828,62.25,10.5996414610172,2.6023010947950596
2024-05-23,ESM4,ESU4,51.298401042004116,61.75,10.451598957995884,2.2458117561160718
2024-05-24,ESM4,ESU4,51.93190612606395,62.25,10.31809387393605,1.8466827811583275
2024-05-28,ESM4,ESU4,52.0993173842362,62.0,9.900682615763799,1.2027484992357125
2024-05-29,ESM4,ESU4,51.56655514786689,61.75,10.183444852133107,1.4513905046237285
2024-05-30,ESM4,ESU4,51.127433224970446,61.75,10.622566775029554,1.8277859460449282
2024-05-31,ESM4,ESU4,51.540531648223805,62.25,10.709468351776195,1.7665877596821524
2024-06-03,ESM4,ESU4,51.625697019068866,62.5,10.874302980931134,1.7807912996243822
2024-06-04,ESM4,ESU4,51.727808780974556,62.5,10.772191219025444,1.5327908596630802
2024-06-05,ESM4,ESU4,52.408017770272636,63.5,11.091982229727364,1.7146648863473513
2024-06-06,ESM4,ESU4,52.38514957317875,63.25,10.86485042682125,1.3724583210511296
2024-06-07,ESM4,ESU4,52.297047547795955,63.75,11.452952452204045,1.7932721503437716
2024-06-10,ESM4,ESU4,52.61694442724456,64.0,11.383055572755438,1.581110044566835
2024-06-11,ESM4,ESU4,52.96014587680838,64.25,11.289854123191617,1.3860891700021134
2024-06-12,ESM4,ESU4,53.566130986358075,65.0,11.433869013641925,1.4194212136890163
2024-06-13,ESM4,ESU4,53.581145989345714,65.0,11.418854010654286,1.3086058160922498
2024-06-14,ESM4,ESU4,53.54319405600745,64.75,11.20680594399255,1.0603260600044326
2024-06-17,ESM4,ESU4,54.06801886627636,67.75,13.681981133723639,3.2557799629150463
2024-06-18,ESM4,ESU4,54.38430535583302,68.75,14.365694644166979,3.444179560715578
2024-06-20,ESU4,ESZ4,52.75635434054402,63.25,10.493645659455979,0.017194524053064344
2024-06-21,ESU4,ESZ4,52.78471233758955,62.75,9.965287662410447,-0.43686093184992547
2024-06-24,ESU4,ESZ4,52.57954612886533,62.75,10.170453871134669,-0.3375402006588562
2024-06-25,ESU4,ESZ4,52.602377073539174,63.5,10.897622926460826,0.21749027744013932
2024-06-26,ESU4,ESZ4,52.72610564061506,63.5,10.77389435938494,0.058419164984788365
2024-06-27,ESU4,ESZ4,52.932757781121836,63.5,10.567242218878164,-0.17684389972301573
2024-06-28,ESU4,ESZ4,52.373345105090266,63.0,10.626654894909734,-0.18583329530717213
2024-07-01,ESU4,ESZ4,52.70645283007889,62.75,10.043547169921112,-0.8221676335156464
2024-07-02,ESU4,ESZ4,53.15054659293128,63.0,9.849453407068722,-1.0297228425644054
2024-07-03,ESU4,ESZ4,53.263749358236964,63.0,9.736250641763036,-1.1655800238197789
2024-07-05,ESU4,ESZ4,53.524276178147375,63.25,9.725723821852625,-1.1535513183112938
2024-07-08,ESU4,ESZ4,53.616479455054105,63.5,9.883520544945895,-0.9546486291018952
2024-07-09,ESU4,ESZ4,53.40493449362202,63.25,9.845065506377978,-0.9554302367092847
2024-07-10,ESU4,ESZ4,54.405973989287304,63.75,9.344026010712696,-1.4056355091749269
2024-07-11,ESU4,ESZ4,53.49914081871793,62.5,9.000859181282067,-1.6559739076421387
2024-07-12,ESU4,ESZ4,53.25134974896082,63.5,10.24865025103918,-0.44607985426200103
2024-07-15,ESU4,ESZ4,53.12505227182737,63.25,10.124947728172629,-0.5603215419158205
2024-07-16,ESU4,ESZ4,53.34823539420995,64.0,10.65176460579005,-0.06866059330040447
2024-07-17,ESU4,ESZ4,52.337114261660645,63.0,10.662885738339355,-0.05692175322197189
2024-07-18,ESU4,ESZ4,51.952259427048375,62.5,10.547740572951625,-0.15419837458736846
2024-07-19,ESU4,ESZ4,51.600357991595956,62.0,10.399642008404044,-0.280621098120173
2024-07-22,ESU4,ESZ4,52.39375769475464,63.5,11.10624230524536,0.3760117888828971
2024-07-23,ESU4,ESZ4,52.53057127781085,63.25,10.71942872218915,0.020505059559940066
2024-07-24,ESU4,ESZ4,50.66446679386627,61.25,10.585533206133732,-0.07847309535646005
2024-07-25,ESU4,ESZ4,49.951182031075405,61.0,11.048817968924595,0.36802339431580466
2024-07-26,ESU4,ESZ4,50.507452011796886,61.25,10.742547988203114,0.09619062348416746
2024-07-29,ESU4,ESZ4,50.61708415031626,61.25,10.63291584968374,0.017033776761907354
2024-07-30,ESU4,ESZ4,50.06624394348364,60.75,10.683756056516359,0.08914365581669018
2024-07-31,ESU4,ESZ4,51.19320068163688,62.0,10.806799318363119,0.22160351644888848
2024-08-01,ESU4,ESZ4,50.243402071553646,59.5,9.256597928446354,-1.3689062084647723
2024-08-02,ESU4,ESZ4,48.16874326333436,54.75,6.581256736665637,-6.897241148673788
2024-08-05,ESU4,ESZ4,43.53186211937282,51.5,7.968137880627182,-2.546298578602306
2024-08-06,ESU4,ESZ4,42.502837127585735,53.5,10.997162872414265,0.9311350389174762
2024-08-07,ESU4,ESZ4,43.578893550497014,53.25,9.671106449502986,-0.4790780346341066
2024-08-08,ESU4,ESZ4,45.07111506305682,55.0,9.928884936943177,-0.17215186480587996
2024-08-09,ESU4,ESZ4,45.74941544841931,55.5,9.750584551580687,-0.33114134151576363
2024-08-12,ESU4,ESZ4,45.96795355206905,56.0,10.032046447930952,-0.007336579207207407
2024-08-13,ESU4,ESZ4,47.111681418392436,56.5,9.388318581607564,-0.6685974786456945
2024-08-14,ESU4,ESZ4,47.022849424882224,57.25,10.227150575117776,0.24174733300062648
2024-08-15,ESU4,ESZ4,48.27663791919167,59.5,11.223362080808329,1.2758930414172962
2024-08-16,ESU4,ESZ4,49.23823075330074,59.75,10.51176924669926,0.46397511759106214
2024-08-19,ESU4,ESZ4,50.45815690589916,60.5,10.041843094100841,-0.04495234056749478
2024-08-20,ESU4,ESZ4,50.17587966841893,60.0,9.82412033158107,-0.27362902876936723
2024-08-21,ESU4,ESZ4,50.126923558605085,59.75,9.623076441394915,-0.47895235632037325
2024-08-22,ESU4,ESZ4,49.124995385705006,59.75,10.625004614294994,0.5419605089720075
2024-08-23,ESU4,ESZ4,50.32193955953517,60.0,9.678060440464833,-0.5001020981202382
2024-08-26,ESU4,ESZ4,50.07599872413266,60.25,10.17400127586734,0.04114018254370061
2024-08-27,ESU4,ESZ4,50.225167968149435,60.5,10.274832031850565,0.14501795260213673
2024-08-28,ESU4,ESZ4,49.844689521592045,60.25,10.405310478407955,0.2962244869256922
2024-08-29,ESU4,ESZ4,49.32555822089671,60.5,11.17444177910329,1.1191273417348468
2024-08-30,ESU4,ESZ4,50.26133191918689,61.5,11.238668080813113,1.1447810079049865
2024-09-03,ESU4,ESZ4,49.12634223198984,59.5,10.373657768010162,0.2132175884670187
2024-09-04,ESU4,ESZ4,48.74487594661241,58.75,10.00512405338759,-0.1389919107583751
2024-09-05,ESU4,ESZ4,48.030416693452935,58.5,10.469583306547065,0.3678008540267754
2024-09-06,ESU4,ESZ4,46.76546622844762,57.5,10.734533771552378,0.6484510895615585
2024-09-09,ESU4,ESZ4,47.61971431990514,58.5,10.880285680094858,0.8187653978162832
2024-09-10,ESU4,ESZ4,48.415523729883716,58.5,10.084476270116284,-0.022628282167774464
2024-09-11,ESU4,ESZ4,48.85367816643793,59.75,10.89632183356207,0.8515142897241411
2024-09-12,ESU4,ESZ4,49.72378658435173,60.25,10.526213415648272,0.4517055016367598
2024-09-13,ESU4,ESZ4,50.13598733238359,61.25,11.114012667616407,1.0837146252829024
2024-09-16,ESU4,ESZ4,49.3037660485752,61.25,11.946233951424801,1.8861821860701666
2024-09-17,ESU4,ESZ4,48.78214234240659,61.25,12.467857657593413,2.8892069984826882
2024-09-18,ESZ4,ESH5,38.442657101470104,50.5,12.057342898529896,2.252815202592907
2024-09-19,ESZ4,ESH5,38.88791639367628,50.75,11.862083606323722,1.7917293393768758
2024-09-20,ESZ4,ESH5,38.539879932867734,50.25,11.710120067132266,1.451637917870865
2024-09-23,ESZ4,ESH5,39.06082440692444,50.25,11.18917559307556,0.688852381918398
2024-09-24,ESZ4,ESH5,38.83007099233237,50.0,11.169929007667633,0.6136460284758344
2024-09-25,ESZ4,ESH5,38.350917693883275,50.5,12.149082306116725,1.835162746732137
2024-09-26,ESZ4,ESH5,37.91212863171222,52.0,14.087871368287779,4.228086307438692
2024-09-27,ESZ4,ESH5,38.579498722184326,51.25,12.670501277815674,1.7785303162397632
2024-09-30,ESZ4,ESH5,38.83153492465226,52.5,13.66846507534774,2.6276812841981596
2024-10-01,ESZ4,ESH5,38.90524214680954,51.5,12.594757853190458,1.3289089687861848
2024-10-02,ESZ4,ESH5,38.92790686709395,52.0,13.072093132906048,1.658774983310165
2024-10-03,ESZ4,ESH5,38.73479092571324,52.5,13.765209074286759,2.136306325267154
2024-10-04,ESZ4,ESH5,39.564273453616806,55.25,15.685726546383194,3.5567063881595344
2024-10-07,ESZ4,ESH5,41.442211618672445,56.0,14.557788381327555,2.0891231629089644
2024-10-08,ESZ4,ESH5,43.821278606217675,56.25,12.428721393782325,0.4519845325634251
2024-10-09,ESZ4,ESH5,43.891127188117025,57.75,13.858872811882975,1.4031356687145093
2024-10-10,ESZ4,ESH5,43.908424265144276,57.5,13.591575734855724,1.1230250600864473
2024-10-11,ESZ4,ESH5,44.31052609662311,58.0,13.689473903376893,1.1182413452354156
2024-10-14,ESZ4,ESH5,45.14636694432738,59.25,14.103633055672617,1.3284638861037337
2024-10-15,ESZ4,ESH5,44.67922131208252,59.0,14.320778687917482,1.3817323740764846
2024-10-16,ESZ4,ESH5,44.757209143805085,59.25,14.492790856194915,1.4057585823516718
2024-10-17,ESZ4,ESH5,44.489966464415375,60.0,15.510033535584625,2.0109996305007516
2024-10-18,ESZ4,ESH5,45.42228036917277,60.0,14.577719630827232,1.2326589315498762
2024-10-21,ESZ4,ESH5,45.38571477591631,60.0,14.614285224083687,1.179694797001004
2024-10-22,ESZ4,ESH5,45.87665690364793,60.0,14.123343096352073,0.7802068536406077
2024-10-23,ESZ4,ESH5,45.3110584782562,59.5,14.1889415217438,0.7793359988982925
2024-10-24,ESZ4,ESH5,45.4203619763457,60.0,14.579638023654297,1.0119839777061905
2024-10-25,ESZ4,ESH5,45.19577477150415,60.25,15.054225228495852,1.3319143276412937
2024-10-28,ESZ4,ESH5,45.29026160390549,61.0,15.709738396094508,1.7816537036832931
2024-10-29,ESZ4,ESH5,45.49793369879626,61.0,15.50206630120374,1.481491593466422
2024-10-30,ESZ4,ESH5,45.16384051587647,61.0,15.836159484123527,1.6263973828553147
2024-10-31,ESZ4,ESH5,44.090375716174094,59.5,15.409624283825906,1.1910271719011758
2024-11-01,ESZ4,ESH5,44.44094679681075,59.25,14.80905320318925,0.665838556001991
2024-11-04,ESZ4,ESH5,43.75045952632354,59.25,15.499540473676461,1.1635991731361464
2024-11-05,ESZ4,ESH5,44.607199771680826,60.25,15.642800228319174,1.2562730634942498
2024-11-06,ESZ4,ESH5,46.37894877198778,63.25,16.87105122801222,2.426338106955079
2024-11-07,ESZ4,ESH5,46.87304345742996,64.0,17.126956542570042,2.4820220504003365
2024-11-08,ESZ4,ESH5,47.12505646920272,64.75,17.62494353079728,2.607671639900068
2024-11-11,ESZ4,ESH5,47.23214721804834,65.5,18.26785278195166,2.8504150795314036
2024-11-12,ESZ4,ESH5,47.26853729487448,66.0,18.731462705125523,2.788145232343709
2024-11-13,ESZ4,ESH5,47.72429792059938,66.75,19.025702079400617,2.6636950836960662
2024-11-14,ESZ4,ESH5,46.28252342744145,67.5,21.217476572558553,3.7320195247697865
2024-11-15,ESZ4,ESH5,45.43105156472575,66.5,21.06894843527425,2.919300635898929
2024-11-18,ESZ4,ESH5,46.747785104595096,66.0,19.252214895404904,1.6433720554034665
2024-11-19,ESZ4,ESH5,47.02801847927276,65.0,17.97198152072724,0.9367059532600661
2024-11-20,ESZ4,ESH5,46.847507775421036,65.0,18.152492224578964,0.9644924618260653
2024-11-21,ESZ4,ESH5,47.46057044756981,65.25,17.789429552430192,0.7327283180787422
2024-11-22,ESZ4,ESH5,47.682021307025934,66.75,19.067978692974066,1.2884686251334407
2024-11-25,ESZ4,ESH5,48.117651448545985,67.0,18.882348551454015,1.1181928361050215
2024-11-26,ESZ4,ESH5,48.371653467681426,67.0,18.628346532318574,0.9253934393650181
2024-11-27,ESZ4,ESH5,48.005635224042635,66.75,18.744364775957365,0.9214907136874341
2024-11-29,ESZ4,ESH5,47.90676918671488,67.5,19.593230813285118,1.2767732702207368
2024-12-02,ESZ4,ESH5,48.10897844047213,68.0,19.89102155952787,1.3335404575032117
2024-12-03,ESZ4,ESH5,48.338705388498965,68.0,19.661294611501035,1.1365359838830025
2024-12-04,ESZ4,ESH5,48.29583011679006,68.5,20.204169883209943,1.329549820173511
2024-12-05,ESZ4,ESH5,47.87846252342206,68.0,20.12153747657794,1.2154507710003957
2024-12-06,ESZ4,ESH5,48.082208709336555,68.0,19.917791290663445,1.0492829754563933
2024-12-09,ESZ4,ESH5,47.22141652997743,67.5,20.278583470022568,1.1835374291970704
2024-12-10,ESZ4,ESH5,47.05337047306057,67.0,19.946629526939432,0.9378477175352093
2024-12-11,ESZ4,ESH5,47.77226705073281,67.0,19.227732949267192,0.48113446508846236
2024-12-12,ESZ4,ESH5,46.81415348838982,67.0,20.18584651161018,0.9841044882357817
2024-12-13,ESZ4,ESH5,46.67529592471146,70.25,23.574704075288537,2.9388504879325836
2024-12-16,ESZ4,ESH5,47.10565240021151,73.5,26.39434759978849,4.160889701312129
2024-12-17,ESH5,ESM5,45.05164793068889,58.75,13.698352069311113,-2.648313808243583
2024-12-18,ESH5,ESM5,43.155552866128346,58.25,15.094447133871654,-1.8420519666734554
2024-12-19,ESH5,ESM5,43.25143098999888,56.75,13.49856901000112,-2.5094845309615126
2024-12-20,ESH5,ESM5,44.087213980425076,57.0,12.912786019574924,-2.5035753234517646
2024-12-23,ESH5,ESM5,44.255714156524846,57.5,13.244285843475154,-2.1190144674034257
2024-12-24,ESH5,ESM5,45.56283909419926,58.25,12.687160905800738,-2.1243575690958876
2024-12-26,ESH5,ESM5,45.24408496542401,58.5,13.255915034575992,-1.7366324486980205
2024-12-27,ESH5,ESM5,44.82414783391414,57.0,12.17585216608586,-1.932458489932338
2024-12-30,ESH5,ESM5,43.71551174319302,56.0,12.28448825680698,-1.725836767567735
2024-12-31,ESH5,ESM5,43.29890166835685,55.5,12.201098331643152,-1.6092043165427867
2025-01-02,ESH5,ESM5,43.024210938338,55.25,12.225789061661999,-1.478941776842323
2025-01-03,ESH5,ESM5,43.80054150167871,55.75,11.949458498321292,-1.4448177859658686
2025-01-06,ESH5,ESM5,44.28093049825202,56.5,12.219069501747981,-1.2769416923165506
2025-01-07,ESH5,ESM5,43.57868721401064,55.75,12.171312785989358,-1.2076974499790978
2025-01-08,ESH5,ESM5,44.216499350151025,55.25,11.033500649848975,-1.4135993881585023
2025-01-10,ESH5,ESM5,42.97586504051651,55.0,12.02413495948349,-1.0764384531356412
2025-01-13,ESH5,ESM5,43.73976554400815,55.25,11.51023445599185,-1.1300061767758591
2025-01-14,ESH5,ESM5,43.96410572727564,55.5,11.535894272724363,-1.0521187533126195
2025-01-15,ESH5,ESM5,44.95312438192923,56.0,11.046875618070771,-1.0981267202368912
2025-01-16,ESH5,ESM5,44.29477233081343,56.0,11.70522766918657,-0.876383828702976
2025-01-17,ESH5,ESM5,44.92642821539084,57.0,12.073571784609157,-0.7341055131015809
2025-01-21,ESH5,ESM5,45.49360590828837,57.5,12.006394091711627,-0.6984622856057423
2025-01-22,ESH5,ESM5,46.13995344903651,58.25,12.110046550963489,-0.6226914936748884
2025-01-23,ESH5,ESM5,46.38976319932044,58.5,12.110236800679559,-0.5729708991328891
2025-01-24,ESH5,ESM5,45.856784959391916,58.25,12.393215040608084,-0.45339648052462855
2025-01-27,ESH5,ESM5,44.66462315044464,56.75,12.08537684955536,-0.4833714177033308
2025-01-28,ESH5,ESM5,45.10164972871098,57.25,12.148350271289019,-0.4161165834189993
2025-01-29,ESH5,ESM5,44.754501369631726,57.5,12.745498630368274,-0.1985786245460231
2025-01-30,ESH5,ESM5,45.21387950437838,58.0,12.786120495621617,-0.12570791503417408
2025-01-31,ESH5,ESM5,45.26271821780574,57.75,12.487281782194259,-0.13296973024517897
2025-02-03,ESH5,ESM5,44.77982149415766,57.0,12.220178505842341,-0.19786793952683263
2025-02-04,ESH5,ESM5,45.42565023156294,57.75,12.32434976843706,-0.00914434965457732
2025-02-05,ESH5,ESM5,45.415453354460624,58.25,12.834546645539376,1.045417275814228
2025-02-06,ESH5,ESM5,45.64452760809672,58.25,12.605472391903277,0.7323407231563185
2025-02-07,ESH5,ESM5,45.24918042783611,57.75,12.500819572163891,0.5661787125826699
2025-02-10,ESH5,ESM5,45.88371712965727,58.0,12.11628287034273,-0.13536453877171725
2025-02-11,ESH5,ESM5,45.92155293372343,58.0,12.078447066276567,-0.1775957611845098
2025-02-12,ESH5,ESM5,46.31410121137651,58.0,11.68589878862349,-1.0218287405720412
2025-02-13,ESH5,ESM5,47.207664624521385,58.75,11.542335375478615,-1.296972876910636
2025-02-14,ESH5,ESM5,47.25508232371885,58.5,11.244917676281148,-1.8775325012829995
2025-02-18,ESH5,ESM5,47.398378393231724,58.75,11.351621606768276,-1.4846897632173575
2025-02-19,ESH5,ESM5,47.7125979231414,58.75,11.037402076858598,-2.023190805460791
2025-02-20,ESH5,ESM5,47.252685903196834,58.25,10.997314096803166,-1.916612193379665
2025-02-21,ESH5,ESM5,46.10069572543398,57.0,10.89930427456602,-1.9208888829697353
2025-02-24,ESH5,ESM5,45.89912600029402,56.75,10.850873999705982,-1.8292377851119828
2025-02-25,ESH5,ESM5,45.60796156413562,56.5,10.892038435864379,-1.7165911158321818
2025-02-26,ESH5,ESM5,44.276713486689914,56.5,12.223286513310086,0.5830458251625383
2025-02-27,ESH5,ESM5,43.4407533721087,55.75,12.309246627891298,0.6844411885892477
2025-02-28,ESH5,ESM5,44.45031938004831,56.25,11.799680619951687,-0.18504697664792458
2025-03-03,ESH5,ESM5,42.753389467239685,54.75,11.996610532760315,0.09710510392474866
2025-03-04,ESH5,ESM5,41.81658523438,53.75,11.93341476562,-0.025522097364967633
2025-03-05,ESH5,ESM5,42.159708681272605,54.5,12.340291318727395,0.6686501468300529
2025-03-06,ESH5,ESM5,41.18999744770008,53.0,11.81000255229992,-0.24283032007223437
2025-03-07,ESH5,ESM5,41.5337341730592,53.75,12.216265826940798,0.4543553895336706
2025-03-10,ESH5,ESM5,40.029570224987765,51.0,10.970429775012235,-1.634752314397513
2025-03-11,ESH5,ESM5,39.568040649051,51.0,11.431959350949,-0.7592445725637643
2025-03-12,ESH5,ESM5,39.70975909042318,51.75,12.040240909576823,0.2583850216750191
2025-03-13,ESH5,ESM5,39.034308264987885,50.75,11.715691735012115,-0.2575516971870515
2025-03-14,ESH5,ESM5,40.3018308349574,52.25,11.9481691650426,0.17799651379978662
2025-03-17,ESH5,ESM5,40.69561621996672,52.0,11.304383780033277,-0.8881829746495083
2025-03-18,ESH5,ESM5,40.19366376090966,51.25,11.056336239090342,-1.2683188633837637
2025-03-19,ESM5,ESU5,39.10840177474711,49.75,10.641598225252892,-1.9050827068787113
2025-03-20,ESM5,ESU5,38.985413278014676,48.5,9.514586721985324,-3.629966974337467
2025-03-21,ESM5,ESU5,38.47086975674483,48.0,9.529130243255167,-3.01197130721799
2025-03-24,ESM5,ESU5,39.255745788404965,50.5,11.244254211595035,-0.2978829405812732
2025-03-25,ESM5,ESU5,39.80504090333852,50.5,10.694959096661478,-1.0141632723976104
2025-03-26,ESM5,ESU5,39.41362839773865,49.25,9.836371602261352,-2.143593330253995
2025-03-27,ESM5,ESU5,39.07522834978863,49.75,10.674771650211369,-0.8268202693555069
2025-03-28,ESM5,ESU5,37.90914717227224,47.0,9.090852827727758,-2.8524315628272863
2025-03-31,ESM5,ESU5,37.84386648045074,47.25,9.406133519549257,-2.074322918700568
2025-04-01,ESM5,ESU5,37.54239603003953,47.25,9.707603969960473,-1.5449428465944854
2025-04-02,ESM5,ESU5,37.941385917356456,48.25,10.308614082643544,-0.8001896159056577
2025-04-03,ESM5,ESU5,35.64728380066754,43.75,8.102716199332463,-3.059148713480099
2025-04-04,ESM5,ESU5,31.241404380656604,39.0,7.758595619343396,-2.895212586190941
2025-04-07,ESM5,ESU5,29.247767325815403,39.75,10.502232674184597,-0.2748925901200287
2025-04-08,ESM5,ESU5,28.921490341289427,37.75,8.828509658710573,-1.6059621809236548
2025-04-09,ESM5,ESU5,33.92381540637962,45.0,11.076184593620383,0.2395644739878094
2025-04-10,ESM5,ESU5,32.44784834681104,42.75,10.302151653188957,-0.33321482539914926
2025-04-11,ESM5,ESU5,34.04015376391544,44.0,9.959846236084559,-0.5645334856602087
2025-04-14,ESM5,ESU5,34.64837138860457,44.75,10.101628611395427,-0.40485140132333575
2025-04-15,ESM5,ESU5,35.182159835486345,44.5,9.317840164513655,-1.0139834916193156
2025-04-16,ESM5,ESU5,33.81566232233581,43.25,9.434337677664189,-0.8514791861153465
2025-04-17,ESM5,ESU5,33.81144344224958,43.75,9.938556557750417,-0.35905685892935024
2025-04-21,ESM5,ESU5,32.95082676552465,41.5,8.549173234475347,-1.5574873493391932
2025-04-22,ESM5,ESU5,33.873275757814554,43.0,9.126724242185446,-0.9458764146798903
2025-04-23,ESM5,ESU5,35.010014299010436,44.25,9.239985700989564,-0.783322926373661
2025-04-24,ESM5,ESU5,36.60993805874023,45.5,8.890061941259773,-1.0516969942836152
2025-04-25,ESM5,ESU5,37.05093419453624,45.75,8.69906580546376,-1.1852437022938254
2025-04-28,ESM5,ESU5,37.128933615602364,45.75,8.621066384397636,-1.2026967481092345
2025-04-29,ESM5,ESU5,37.2629526025803,45.75,8.487047397419701,-1.304776324701491
2025-04-30,ESM5,ESU5,37.1452513468048,45.25,8.104748653195202,-1.6528715920295913
2025-05-01,ESM5,ESU5,37.3117840252944,46.0,8.6882159747056,-0.9106810206804828
2025-05-02,ESM5,ESU5,38.18506979744052,48.0,9.81493020255948,0.39510431949690733
2025-05-05,ESM5,ESU5,39.43960561040694,48.0,8.560394389593057,-1.0015998411431442
2025-05-06,ESM5,ESU5,39.42546581279203,47.0,7.5745341872079734,-2.0208712265154936
2025-05-07,ESM5,ESU5,39.46864013352115,47.75,8.281359866478851,-1.1264104330561495
2025-05-08,ESM5,ESU5,40.02871197029344,48.25,8.221288029706557,-1.1285002039052991
2025-05-09,ESM5,ESU5,40.477594244156535,48.25,7.772405755843465,-1.5503197363604528
2025-05-12,ESM5,ESU5,42.45056299585394,51.25,8.799437004146057,-0.3152762669566301
2025-05-13,ESM5,ESU5,43.477373897350844,52.25,8.772626102649156,-0.33378658565610136
2025-05-14,ESM5,ESU5,43.740861522262094,52.75,9.009138477737906,-0.04706942314766196
2025-05-15,ESM5,ESU5,44.000941556164435,53.5,9.499058443835565,0.5296372587564635
2025-05-16,ESM5,ESU5,44.51169312428283,54.75,10.238306875717171,1.4372190626984471
2025-05-19,ESM5,ESU5,44.58481078740897,54.5,9.91518921259103,0.9663945635689785
2025-05-20,ESM5,ESU5,44.286719416832966,54.25,9.963280583167034,0.9650627427683713
2025-05-21,ESM5,ESU5,43.495422784292714,53.0,9.504577215707286,0.458957281583475
2025-05-22,ESM5,ESU5,43.08137499942404,52.75,9.668625000575958,0.6299954761698203
2025-05-23,ESM5,ESU5,42.60859378414625,52.0,9.391406215853749,0.38698466556760613
2025-05-27,ESM5,ESU5,43.89402066173534,53.75,9.85597933826466,1.0962394260871295
2025-05-28,ESM5,ESU5,43.7379949825463,53.75,10.012005017453703,1.326909314321844
2025-05-29,ESM5,ESU5,43.869633137468554,53.75,9.880366862531446,1.153063282775943
2025-05-30,ESM5,ESU5,43.8581052214613,53.25,9.391894778538699,0.4271186030863708
2025-06-02,ESM5,ESU5,43.93401721552891,53.25,9.315982784471089,0.3241436809529545
2025-06-03,ESM5,ESU5,44.33788241674392,53.75,9.412117583256077,0.4978977299274058
2025-06-04,ESM5,ESU5,44.340516323898555,53.75,9.409483676101445,0.4559116904669209
2025-06-05,ESM5,ESU5,43.818317003442644,53.25,9.431682996557356,0.47253867096515495
2025-06-06,ESM5,ESU5,44.474015022057756,53.75,9.275984977942244,0.2409918657202084
2025-06-09,ESM5,ESU5,44.86689397766622,53.75,8.883106022333777,-0.33521521662808956
2025-06-10,ESM5,ESU5,45.22299242128156,53.75,8.52700757871844,-0.8534298660866845
2025-06-11,ESM5,ESU5,45.03675797707547,53.25,8.213242022924533,-1.2919154113104745
2025-06-12,ESM5,ESU5,45.28306911389427,53.5,8.216930886105729,-1.2554502323221284
2025-06-13,ESM5,ESU5,44.37311397765097,52.25,7.8768860223490265,-1.7498669800253435
2025-06-16,ESM5,ESU5,44.98545168872897,54.0,9.014548311271028,-0.10144840442304666
2025-06-17,ESM5,ESU5,44.596681231242655,53.5,8.903318768757345,-0.2194472902648467
2025-06-18,ESU5,ESZ5,42.452474902379436,52.5,10.047525097620564,1.3478649192528607
2025-06-20,ESU5,ESZ5,42.33012377474006,50.25,7.919876225259941,-1.8056014366878654
2025-06-23,ESU5,ESZ5,42.59847575812637,50.0,7.401524241873631,-2.4765219297844157
2025-06-24,ESU5,ESZ5,42.396169073546844,51.0,8.603830926453156,-0.6802452704597094
2025-06-25,ESU5,ESZ5,42.26969474544512,50.75,8.480305254554878,-0.9255436494966861
2025-06-26,ESU5,ESZ5,42.63597662119628,50.75,8.114023378803722,-1.4057227848009715
2025-06-27,ESU5,ESZ5,42.082333249712065,51.5,9.417666750287935,0.4084574488286874
2025-06-30,ESU5,ESZ5,43.06538884186011,51.5,8.434611158139887,-0.9236938246213723
2025-07-01,ESU5,ESZ5,42.567689889345274,51.25,8.682310110654726,-0.5404811433093508
2025-07-02,ESU5,ESZ5,42.80411060885126,51.5,8.69588939114874,-0.47174212234703844
2025-07-03,ESU5,ESZ5,43.19105716399099,53.75,10.55894283600901,2.197609428005041
2025-07-07,ESU5,ESZ5,44.54204202571054,53.25,8.707957974289457,-0.41592588121433605
2025-07-08,ESU5,ESZ5,44.948331793515536,53.5,8.551668206484464,-0.5929186905558945
2025-07-09,ESU5,ESZ5,45.38522489169827,53.5,8.114775108301728,-1.1427154661428378
2025-07-10,ESU5,ESZ5,45.41907708186136,53.75,8.33092291813864,-0.7792198116441744
2025-07-11,ESU5,ESZ5,45.22953284742107,53.75,8.52046715257893,-0.46594272053163804
2025-07-14,ESU5,ESZ5,45.36230627919667,54.0,8.637693720803327,-0.2479364297658721
2025-07-15,ESU5,ESZ5,45.28132948869825,54.5,9.218670511301752,0.6697128158208236
2025-07-16,ESU5,ESZ5,45.763997453276716,54.25,8.486002546723284,-0.4176629125364802
2025-07-17,ESU5,ESZ5,46.12118983532764,54.75,8.628810164672359,-0.16310929990125544
2025-07-18,ESU5,ESZ5,46.28706157806755,54.5,8.21293842193245,-0.7689015351550931
2025-07-21,ESU5,ESZ5,46.17847236988291,54.75,8.571527630117089,-0.1545945764254843
2025-07-22,ESU5,ESZ5,46.237161475158246,54.75,8.512838524841754,-0.2068354647512515
2025-07-23,ESU5,ESZ5,46.80134024523795,55.5,8.698659754762048,0.1348884521400055
2025-07-24,ESU5,ESZ5,46.885776207353956,56.0,9.114223792646044,0.8271845437643278
2025-07-25,ESU5,ESZ5,47.17043853216455,56.0,8.829561467835447,0.3245044792536094
2025-07-28,ESU5,ESZ5,47.219454574655174,56.0,8.780545425344826,0.21302673779816717
2025-07-29,ESU5,ESZ5,47.03426088315064,55.5,8.465739116849363,-0.3348263772789018
2025-07-30,ESU5,ESZ5,46.46586424220004,56.5,10.034135757799959,2.2817860540334256
2025-07-31,ESU5,ESZ5,46.48916896129958,56.75,10.260831038700417,2.416219298203377
2025-08-01,ESU5,ESZ5,46.40133244271874,52.5,6.09866755728126,-3.837967767780996
2025-08-04,ESU5,ESZ5,45.18368931853183,53.5,8.316310681468167,-0.395260169336921
2025-08-05,ESU5,ESZ5,44.174000477468326,53.25,9.075999522531674,0.5330015136068831
2025-08-06,ESU5,ESZ5,44.61613032728201,54.0,9.383869672717992,0.8835699844420983
2025-08-07,ESU5,ESZ5,44.36051012713051,53.75,9.38948987286949,0.8464632731993523
2025-08-08,ESU5,ESZ5,44.89583999284059,54.5,9.604160007159408,1.073098117138661
2025-08-11,ESU5,ESZ5,44.987560753984326,54.5,9.512439246015674,0.8876710050098405
2025-08-12,ESU5,ESZ5,45.92243030431109,54.5,8.577569695688908,-0.29871732233406545
2025-08-13,ESU5,ESZ5,45.47325361192361,54.25,8.77674638807639,-0.05358802091189456
2025-08-14,ESU5,ESZ5,44.909375403897684,55.0,10.090624596102316,1.6047731632883475
2025-08-15,ESU5,ESZ5,45.2069120670767,55.0,9.7930879329233,1.1230923972489928
2025-08-18,ESU5,ESZ5,45.73785938931724,55.25,9.512140610682764,0.8581103876261095
2025-08-19,ESU5,ESZ5,45.81127565055431,54.75,8.938724349445692,0.08711355496846741
2025-08-20,ESU5,ESZ5,45.473939357630115,55.0,9.526060642369885,0.8179581540579929
2025-08-21,ESU5,ESZ5,45.08146250052414,55.25,10.16853749947586,1.5860441685400548
2025-08-22,ESU5,ESZ5,46.90559202532677,55.75,8.844407974673231,-0.18261554371785424
2025-08-25,ESU5,ESZ5,46.11858652213505,55.75,9.631413477864953,0.7870691396930992
2025-08-26,ESU5,ESZ5,46.58260625939238,56.0,9.417393740607622,0.47506130024196447
2025-08-27,ESU5,ESZ5,46.8003073256923,56.0,9.199692674307698,0.19568094241845527
2025-08-28,ESU5,ESZ5,46.55751780458286,56.5,9.942482195417142,1.0954187374531668
2025-08-29,ESU5,ESZ5,46.39151061320899,55.75,9.358489386791007,0.3069364256173362
2025-09-02,ESU5,ESZ5,45.853037533357565,55.25,9.396962466642435,0.31380799188411046
2025-09-03,ESU5,ESZ5,46.24390559521726,55.5,9.256094404782743,0.10277783178561532
2025-09-04,ESU5,ESZ5,46.48872105855571,56.0,9.511278941444289,0.4000407552491135
2025-09-05,ESU5,ESZ5,46.14009258403621,54.75,8.60990741596379,-0.7965415004980431
2025-09-08,ESU5,ESZ5,45.451188267392354,54.5,9.048811732607646,-0.2061138017560588
2025-09-09,ESU5,ESZ5,45.51108745328838,54.75,9.238912546711617,0.02755669931164721
2025-09-10,ESU5,ESZ5,45.733821985910254,54.75,9.016178014089746,-0.2791857131076061
2025-09-11,ESU5,ESZ5,45.986365435051994,55.0,9.013634564948006,-0.311080252550973
2025-09-12,ESU5,ESZ5,45.795662973938306,56.75,10.954337026061694,2.3173212399162666
2025-09-15,ESU5,ESZ5,46.383184821844225,57.75,11.366815178155775,2.6835878209113364
2025-09-16,ESZ5,ESH6,40.97102533479119,58.5,17.528974665208807,12.643614997189797
2025-09-17,ESZ5,ESH6,40.93938764505401,57.25,16.310612354945988,4.131641507853097
2025-09-18,ESZ5,ESH6,40.916375849044016,57.0,16.083624150955984,3.073581010604967
2025-09-19,ESZ5,ESH6,41.75441472584771,58.0,16.24558527415229,2.6586623979872255
2025-09-22,ESZ5,ESH6,42.211326611248296,58.75,16.538673388751704,2.4236568317433695
2025-09-23,ESZ5,ESH6,41.88840721599718,58.75,16.861592784002823,2.254744988904792
2025-09-24,ESZ5,ESH6,41.742108420508885,58.5,16.757891579491115,1.9749235735295374
2025-09-25,ESZ5,ESH6,41.45804681397658,59.25,17.79195318602342,2.1227642054888887
2025-09-26,ESZ5,ESH6,42.6613709980702,59.25,16.588629001929803,1.546792387370708
2025-09-29,ESZ5,ESH6,42.73421879671878,59.25,16.51578120328122,1.4094529383743384
2025-09-30,ESZ5,ESH6,42.84077054518093,59.0,16.15922945481907,1.2081818409083893
2025-10-01,ESZ5,ESH6,42.59980172431733,58.0,15.40019827568267,0.9158702268365551
2025-10-02,ESZ5,ESH6,41.6940323746112,57.75,16.055967625388803,1.0403027634101671
2025-10-03,ESZ5,ESH6,42.02968279555898,58.0,15.970317204441017,0.9496452138934217
2025-10-06,ESZ5,ESH6,42.196503892140754,58.25,16.053496107859246,0.9131277171160638
2025-10-07,ESZ5,ESH6,42.29031263244906,57.75,15.459687367550941,0.6878881979752745
2025-10-08,ESZ5,ESH6,42.81417580467223,58.5,15.685824195327768,0.7028038767821163
2025-10-09,ESZ5,ESH6,42.59927325755416,57.75,15.15072674244584,0.49980080000664556
2025-10-10,ESZ5,ESH6,40.62631483595669,55.25,14.623685164043309,0.2996957452965675
2025-10-13,ESZ5,ESH6,41.94478816697574,55.75,13.80521183302426,0.015879582042884078
2025-10-14,ESZ5,ESH6,41.287192750351096,55.5,14.212807249648904,0.09594921217912664
2025-10-15,ESZ5,ESH6,41.109461395524704,56.0,14.890538604475296,0.2637268602519362
2025-10-16,ESZ5,ESH6,40.641016265245526,54.75,14.108983734754474,-0.0462140514456309
2025-10-17,ESZ5,ESH6,40.53914945458564,55.5,14.96085054541436,0.19412940353505953
2025-10-20,ESZ5,ESH6,41.10555853721689,57.0,15.894441462783107,0.4805860877568331
2025-10-21,ESZ5,ESH6,41.42233178618062,57.25,15.82766821381938,0.4012223092357465
2025-10-22,ESZ5,ESH6,41.01074888013227,56.75,15.739251119867731,0.30502338308475657
2025-10-23,ESZ5,ESH6,41.514045103930584,57.5,15.985954896069416,0.3669574675852469
2025-10-24,ESZ5,ESH6,42.30872122839446,57.75,15.441278771605539,-0.05089737911367757
2025-10-27,ESZ5,ESH6,42.894531461824045,59.25,16.355468538175955,0.5600781152101488
2025-10-28,ESZ5,ESH6,43.16361600722303,59.5,16.336383992776973,0.5422347689077858
2025-10-29,ESZ5,ESH6,43.17883825128047,60.5,17.321161748719533,1.7428119869332952
2025-10-30,ESZ5,ESH6,43.19335868580583,60.25,17.056641314194167,1.3426545040016613
2025-10-31,ESZ5,ESH6,44.55113223286571,60.75,16.19886776713429,0.3599705662515781
2025-11-03,ESZ5,ESH6,45.082221694082364,60.75,15.667778305917636,-0.20244369635118428
2025-11-04,ESZ5,ESH6,43.91481627740268,59.75,15.835183722597321,0.006333606368074257
2025-11-05,ESZ5,ESH6,43.743981293127035,60.75,17.006018706872965,1.327440974312443
2025-11-06,ESZ5,ESH6,43.39180305124046,59.0,15.608196948759542,-0.21156420660220052
2025-11-07,ESZ5,ESH6,42.902015854580895,59.0,16.097984145419105,0.4360157027515887
2025-11-10,ESZ5,ESH6,43.938974673300436,61.0,17.061025326699564,1.6223666470478098
2025-11-11,ESZ5,ESH6,44.096021603452755,60.75,16.653978396547245,1.0792384569497937
2025-11-12,ESZ5,ESH6,44.519972131693976,61.0,16.480027868306024,0.8431887744175146
2025-11-13,ESZ5,ESH6,43.47804794909189,60.0,16.521952050908112,0.8428266558369586
2025-11-14,ESZ5,ESH6,43.876727110858155,60.25,16.373272889141845,0.6483365022461093
2025-11-17,ESZ5,ESH6,43.577401622254,59.25,15.672598377745999,-0.15878216518111712
2025-11-18,ESZ5,ESH6,43.512806988014745,58.75,15.237193011985255,-0.634668066508557
2025-11-19,ESZ5,ESH6,43.158930995455194,59.0,15.841069004544806,0.053082186390863324
2025-11-20,ESZ5,ESH6,42.40493469157809,57.75,15.345065308421908,-0.5086383079295969
2025-11-21,ESZ5,ESH6,43.20031426313744,57.5,14.299685736862557,-1.6955132407644233
2025-11-24,ESZ5,ESH6,43.25102113620051,58.0,14.748978863799493,-1.155699541465109
2025-11-25,ESZ5,ESH6,43.67560674190281,57.75,14.074393258097189,-2.0661544261221967
2025-11-26,ESZ5,ESH6,43.92527063545003,58.25,14.324729364549967,-1.746049240417645
2025-11-28,ESZ5,ESH6,44.31650738749158,58.75,14.433492612508417,-1.5484094400175832
2025-12-01,ESZ5,ESH6,43.87310402023377,58.25,14.376895979766232,-1.6616163439428164
2025-12-02,ESZ5,ESH6,44.08100506627852,58.25,14.168994933721478,-1.8246297952724444
2025-12-03,ESZ5,ESH6,44.14862135541807,58.25,14.101378644581928,-1.7425907706080679
2025-12-04,ESZ5,ESH6,43.912042174992166,58.25,14.337957825007834,-1.3623000634804094
2025-12-05,ESZ5,ESH6,44.072825380807444,58.75,14.677174619192556,-0.9416657438262008
2025-12-08,ESZ5,ESH6,43.896703161342884,58.0,14.103296838657116,-1.446950997290542
2025-12-09,ESZ5,ESH6,43.86968932050149,58.25,14.380310679498507,-1.0961509138399073
2025-12-10,ESZ5,ESH6,44.30534509079098,58.25,13.94465490920902,-1.4322026021679075
2025-12-11,ESZ5,ESH6,44.27139470725888,59.25,14.978605292741122,-0.383890805619966
2025-12-12,ESZ5,ESH6,43.23364287986351,59.75,16.51635712013649,1.1575751500473432
2025-12-15,ESZ5,ESH6,43.13505645692476,58.0,14.864943543075242,-0.4345392639687099
2025-12-16,ESZ5,ESH6,42.99807081115523,55.25,12.25192918884477,-3.0216822974957633
2025-12-17,,,,,,
2025-12-18,,,,,,
2025-12-19,,,,,,
2025-12-22,,,,,,
2025-12-23,,,,,,
2025-12-24,,,,,,
2025-12-26,,,,,,
2025-12-29,,,,,,
2025-12-30,,,,,,
2025-12-31,,,,,,
2026-01-02,,,,,,
2026-01-05,,,,,,
2026-01-06,,,,,,
2026-01-07,,,,,,
2026-01-08,,,,,,
2026-01-09,,,,,,
2026-01-12,,,,,,
2026-01-13,,,,,,
2026-01-14,,,,,,
2026-01-15,,,,,,
2026-01-16,,,,,,
2026-01-20,,,,,,
2026-01-21,,,,,,
2026-01-22,,,,,,
2026-01-23,,,,,,
2026-01-26,,,,,,
2026-01-27,,,,,,
2026-01-28,,,,,,
2026-01-29,,,,,,
2026-01-30,,,,,,
2026-02-02,,,,,,
2026-02-03,,,,,,
2026-02-04,,,,,,
2026-02-05,,,,,,
2026-02-06,,,,,,
2026-02-09,,,,,,
2026-02-10,,,,,,
2026-02-11,,,,,,
2026-02-12,,,,,,
2026-02-13,,,,,,
2026-02-17,,,,,,
2026-02-18,,,,,,
2026-02-19,,,,,,
2026-02-20,,,,,,
2026-02-23,,,,,,
2026-02-24,,,,,,
2026-02-25,,,,,,
2026-02-26,,,,,,
2026-02-27,,,,,,
2026-03-02,,,,,,
2026-03-03,,,,,,
2026-03-04,,,,,,
2026-03-05,,,,,,
2026-03-06,,,,,,
2026-03-09,,,,,,
2026-03-10,,,,,,
2026-03-11,,,,,,
2026-03-12,,,,,,
2026-03-13,,,,,,
2026-03-16,,,,,,
2026-03-17,,,,,,
2026-03-18,,,,,,
2026-03-19,,,,,,
2026-03-20,,,,,,
