Date,combined_nav
2021-09-21,99800000.0
2021-09-22,100665999.99999999
2021-09-23,101943972.21999998
2021-09-24,102583393.48609717
2021-09-27,102288405.14679207
2021-09-28,99755916.65561484
2021-09-29,99729928.11728437
2021-09-30,99017427.72980814
2021-10-01,100161404.67153282
2021-10-04,97972522.4356467
2021-10-05,99288034.23628436
2021-10-06,100050112.57853429
2021-10-07,100965396.10637632
2021-10-08,100710459.30818824
2021-10-11,99885011.75104727
2021-10-12,99400600.2941722
2021-10-13,99652589.81291644
2021-10-14,101307147.22611646
2021-10-15,102560760.494359
2021-10-18,103742509.24004413
2021-10-19,104561576.2128557
2021-10-20,104368814.91262405
2021-10-21,105061060.46734563
2021-10-22,104202130.2139321
2021-10-25,105853771.9139165
2021-10-26,106563271.6480206
2021-10-27,106437290.98747595
2021-10-28,107471672.71005447
2021-10-29,108384728.49463575
2021-11-01,109028635.93460892
2021-11-02,109254739.21099356
2021-11-03,110219035.4634424
2021-11-04,112166827.24901754
2021-11-05,112789339.47197711
2021-11-08,112672960.45232098
2021-11-09,110950519.07581857
2021-11-10,110083545.02702717
2021-11-11,110055974.14077042
2021-11-12,111043867.66907173
2021-11-15,110830279.4431471
2021-11-16,111344349.63696887
2021-11-17,110975137.8396705
2021-11-18,112632759.14486
2021-11-19,113612147.49423738
2021-11-22,112509307.78501822
2021-11-23,112291778.82099313
2021-11-24,113039849.15015273
2021-11-26,110118261.04207878
2021-11-29,112325729.44553079
2021-11-30,110833638.27308303
2021-12-01,109017127.9509354
2021-12-02,109815505.1562567
2021-12-03,107772517.22550502
2021-12-06,109130811.49220188
2021-12-07,112380123.2097501
2021-12-08,112980175.26645808
2021-12-09,111743115.9507957
2021-12-10,112347608.77693
2021-12-13,110457934.42556535
2021-12-14,109936735.55442093
2021-12-15,112313486.30768535
2021-12-16,109956328.76953934
2021-12-17,108834937.34266543
2021-12-20,107343339.39981778
2021-12-21,109887814.81001747
2021-12-22,111567754.86401834
2021-12-23,112588194.46592683
2021-12-27,114454839.08433793
2021-12-28,114137245.1800743
2021-12-29,113893706.84784074
2021-12-30,113409949.5308059
2021-12-31,112407909.77594419
2022-01-03,115280537.55432852
2022-01-04,114283940.51523468
2022-01-05,110847132.62096733
2022-01-06,110840469.79301007
2022-01-07,110086505.00311555
2022-01-10,110131722.47016683
2022-01-11,111155600.85468996
2022-01-12,111936203.61668132
2022-01-13,109077851.78649212
2022-01-14,109236304.67158252
2022-01-18,106744440.0142106
2022-01-19,105389453.95923056
2022-01-20,104094927.25369038
2022-01-21,100976508.92880504
2022-01-24,100817661.80978681
2022-01-25,99364017.65634398
2022-01-26,100295936.86160736
2022-01-27,98851810.24890606
2022-01-28,102518708.26432057
2022-01-31,105744075.70382024
2022-02-01,106539715.71235593
2022-02-02,107815255.31511858
2022-02-03,102166057.46213788
2022-02-04,104267632.62183556
2022-02-07,103176990.53726359
2022-02-08,104100147.06276137
2022-02-09,106076634.84960069
2022-02-10,103914968.0967598
2022-02-11,100812342.04747635
2022-02-14,101085075.37100452
2022-02-15,103663793.3899503
2022-02-16,103693913.8900334
2022-02-17,100318400.62774622
2022-02-18,99033775.46772362
2022-02-22,97722897.293795
2022-02-23,94979097.71162286
2022-02-24,97521331.4115003
2022-02-25,99246112.91091329
2022-02-28,99561357.08884087
2022-03-01,97548172.90278807
2022-03-02,99029057.7222653
2022-03-03,97652750.69165747
2022-03-04,95958919.57718487
2022-03-07,92091407.83179049
2022-03-08,92072026.63614582
2022-03-09,95718617.1288063
2022-03-10,95088431.81427003
2022-03-11,93021625.72821851
2022-03-14,91816270.10755266
2022-03-15,95110452.57740305
2022-03-16,98566409.58785968
2022-03-17,99975806.25267844
2022-03-18,102427108.23168148
2022-03-21,102464053.99064489
2022-03-22,104564560.53529349
2022-03-23,103398530.97653566
2022-03-24,105769901.35058858
2022-03-25,106026348.51185699
2022-03-28,107810951.16685617
2022-03-29,109206452.65593196
2022-03-30,108185690.45265211
2022-03-31,106211987.02950934
2022-04-01,106515261.19254345
2022-04-04,108782960.49288498
2022-04-05,106659972.42248358
2022-04-06,103746969.57424667
2022-04-07,103535957.22601095
2022-04-08,102286976.30100976
2022-04-11,99487032.10846616
2022-04-12,98938753.43186961
2022-04-13,100304885.45416076
2022-04-14,98060611.36196937
2022-04-18,98755313.88429847
2022-04-19,100944205.42741916
2022-04-20,99119563.96150851
2022-04-21,97202696.37705138
2022-04-22,94720875.67336412
2022-04-25,95985221.73733334
2022-04-26,91701131.96115251
2022-04-27,91624854.02162474
2022-04-28,95764318.4409196
2022-04-29,91593709.16147722
2022-05-02,93294646.59223938
2022-05-03,93526513.31578813
2022-05-04,96682285.01913074
2022-05-05,91512646.29050992
2022-05-06,90777110.86726004
2022-05-09,86879651.43770662
2022-05-10,87673817.8588185
2022-05-11,85020028.55948219
2022-05-12,84473768.17641589
2022-05-13,87529644.46990274
2022-05-16,86418987.17091377
2022-05-17,88934402.5583571
2022-05-18,84874330.52182394
2022-05-19,84267750.54520333
2022-05-20,83666340.16132149
2022-05-23,85875379.5611707
2022-05-24,83353370.9400284
2022-05-25,84633408.58282962
2022-05-26,87203860.86288936
2022-05-27,90143252.70370834
2022-05-31,90369110.8354676
2022-06-01,89536780.70688964
2022-06-02,92199270.99046308
2022-06-03,89306249.81575169
2022-06-06,89987392.37684955
2022-06-07,90512283.0004828
2022-06-08,90053278.84850036
2022-06-09,87350193.14698778
2022-06-10,83915599.06983145
2022-06-13,79978989.03336334
2022-06-14,80084023.50899705
2022-06-15,82490938.53379677
2022-06-16,79330490.86303507
2022-06-17,80192601.38399036
2022-06-21,82493437.63560016
2022-06-22,82318954.48218906
2022-06-23,83267922.45873423
2022-06-24,86670909.65737683
2022-06-27,85828261.83370027
2022-06-28,82726082.71197705
2022-06-29,82865398.53093316
2022-06-30,81430859.09830394
2022-07-01,81879828.82334462
2022-07-05,83614175.60638191
2022-07-06,84060905.16236392
2022-07-07,86073898.18669279
2022-07-08,86211936.4237915
2022-07-11,84041268.58082585
2022-07-12,83257824.78302418
2022-07-13,83174366.95824115
2022-07-14,83007618.22432467
2022-07-15,84806566.93033457
2022-07-18,84293977.33174466
2022-07-19,86820347.25396383
2022-07-20,88158720.19472979
2022-07-21,89742992.04782128
2022-07-22,87718375.29682484
2022-07-25,87145147.48988955
2022-07-26,85071573.68847956
2022-07-27,88809026.76324563
2022-07-28,89166843.05083387
2022-07-29,91297348.58916575
2022-08-01,91103374.21015672
2022-08-02,90596640.48329034
2022-08-03,92946457.53899789
2022-08-04,93444791.08683154
2022-08-05,92664729.97707823
2022-08-08,91837305.23298247
2022-08-09,91014491.72419961
2022-08-10,93806567.31587736
2022-08-11,93036653.52956033
2022-08-12,94865956.6718103
2022-08-15,95762428.64322549
2022-08-16,95776823.00752197
2022-08-17,94688445.83461668
2022-08-18,94786180.93382634
2022-08-19,92781022.65431327
2022-08-22,90443479.74478382
2022-08-23,90307514.52516665
2022-08-24,90449611.32297115
2022-08-25,92234502.16992046
2022-08-26,88338387.90345831
2022-08-29,87375975.62694772
2022-08-30,86473067.31823389
2022-08-31,85960829.49038313
2022-09-01,86009079.55489774
2022-09-02,84622837.55565499
2022-09-06,84272519.23655014
2022-09-07,85771906.45299889
2022-09-08,86354795.97875021
2022-09-09,88316127.6556287
2022-09-12,89323441.18834975
2022-09-13,84251938.24502973
2022-09-14,84864214.7973062
2022-09-15,83925956.5080919
2022-09-16,83582722.60553889
2022-09-19,84262200.48586982
2022-09-20,83468255.80130264
2022-09-21,81839234.86085129
2022-09-22,81115648.80937856
2022-09-23,79786137.95134524
2022-09-26,79076660.9077168
2022-09-27,78968051.88227323
2022-09-28,80533204.26798578
2022-09-29,78225849.29000673
2022-09-30,77109065.19611703
2022-10-03,78189845.92755875
2022-10-04,80634825.22203931
2022-10-05,80270260.16028792
2022-10-06,79553270.14225976
2022-10-07,76473198.84936568
2022-10-10,75832210.90698498
2022-10-11,74666637.11378092
2022-10-12,74710059.7633069
2022-10-13,76752107.99245465
2022-10-14,74488176.97531663
2022-10-17,77653461.91553056
2022-10-18,78259940.38385254
2022-10-19,77921778.04079814
2022-10-20,77426485.96801947
2022-10-21,79256142.2422857
2022-10-24,79764661.55263633
2022-10-25,81719797.52759829
2022-10-26,79784032.71202114
2022-10-27,77128562.82598203
2022-10-28,78840617.20694928
2022-10-31,77530123.77365805
2022-11-01,76798683.30894794
2022-11-02,74163018.37928265
2022-11-03,72907770.62904036
2022-11-04,74155720.27367808
2022-11-07,74940916.67976812
2022-11-08,75017560.41478147
2022-11-09,73160438.84814052
2022-11-10,79039544.4174305
2022-11-11,80220213.62925021
2022-11-14,79700699.04920526
2022-11-15,80687472.68246295
2022-11-16,79641597.6606787
2022-11-17,79176919.56229354
2022-11-18,78966570.72545347
2022-11-21,77614405.69746272
2022-11-22,78882780.51033136
2022-11-23,80263565.85804175
2022-11-25,79867685.11402018
2022-11-28,78767555.12055354
2022-11-29,78212413.20805605
2022-11-30,82245947.74347845
2022-12-01,82343233.96181576
2022-12-02,82220244.54321265
2022-12-05,80534750.54230395
2022-12-06,78469555.62343182
2022-12-07,77984164.46523523
2022-12-08,78951302.5796702
2022-12-09,78770837.60978855
2022-12-12,79409711.68605174
2022-12-13,80263127.79532623
2022-12-14,79728047.9954873
2022-12-15,77329407.27514273
2022-12-16,76492089.67657119
2022-12-19,75303362.28658435
2022-12-20,74965862.2571633
2022-12-21,75990372.95972845
2022-12-22,73638376.14646164
2022-12-23,73832571.07572682
2022-12-27,71925492.0448161
2022-12-28,71491296.5827063
2022-12-29,73643469.30611914
2022-12-30,73684083.21423751
2023-01-03,72957063.83540942
2023-01-04,73652055.94184582
2023-01-05,72432019.97768652
2023-01-06,74223851.91053604
2023-01-09,75096099.45492752
2023-01-10,75855084.1374332
2023-01-11,77351087.64241652
2023-01-12,77915659.56045331
2023-01-13,78614794.71351936
2023-01-17,79177532.34777388
2023-01-18,77990838.23917466
2023-01-19,77615522.21562663
2023-01-20,79940650.01942953
2023-01-23,81932946.57891257
2023-01-24,81815496.46530472
2023-01-25,81690012.75571279
2023-01-26,83883027.29731078
2023-01-27,86075912.64922467
2023-01-30,83559244.27724677
2023-01-31,84956348.47179125
2023-02-01,86830639.70165539
2023-02-02,91451966.66981328
2023-02-03,90265073.70143919
2023-02-06,89936685.48390296
2023-02-07,91911580.26285529
2023-02-08,90558461.14879395
2023-02-09,89600959.38367417
2023-02-10,88429954.87331106
2023-02-13,89632663.3609419
2023-02-14,90829234.43690965
2023-02-15,91120527.98710777
2023-02-16,88992759.68500815
2023-02-17,88765318.14781138
2023-02-21,86634598.7781713
2023-02-22,86762245.63837522
2023-02-23,88263213.99809358
2023-02-24,86990228.34866102
2023-02-27,87793250.35175218
2023-02-28,87815248.66434012
2023-03-01,86864683.97876525
2023-03-02,86938688.96014719
2023-03-03,89309732.6867528
2023-03-06,89397452.2247858
2023-03-07,88143983.86816105
2023-03-08,88210241.85606217
2023-03-09,86157356.04016441
2023-03-10,85446634.99995387
2023-03-13,85929682.02135362
2023-03-14,88690138.330138
2023-03-15,88805695.50996718
2023-03-16,91264032.81995247
2023-03-17,90344819.29011194
2023-03-20,90639995.40099771
2023-03-21,92818338.49071363
2023-03-22,91561660.73770408
2023-03-23,92599485.12064752
2023-03-24,92443581.98564483
2023-03-27,92098021.42483838
2023-03-28,91429783.74972254
2023-03-29,92974661.90374288
2023-03-30,93558867.03387934
2023-03-31,95473423.09871118
2023-04-03,95272508.91020387
2023-04-04,95124526.52139306
2023-04-05,94410545.81774783
2023-04-06,95262986.83556573
2023-04-10,94979461.7646641
2023-04-11,94449312.16263492
2023-04-12,93575699.0113738
2023-04-13,95700656.35097152
2023-04-14,96570475.30407484
2023-04-17,96550153.50426097
2023-04-18,96328595.65273622
2023-04-19,96394235.09778008
2023-04-20,95090212.92396004
2023-04-21,95312239.12007287
2023-04-24,95020926.79075666
2023-04-25,93323137.66607746
2023-04-26,93772983.95825128
2023-04-27,97106205.69925047
2023-04-28,97640416.76853935
2023-05-01,97825335.15623188
2023-05-02,96946047.89988048
2023-05-03,96273797.24841331
2023-05-04,95794322.47608869
2023-05-05,98012751.2685111
2023-05-08,98468458.43439698
2023-05-09,97928741.96676083
2023-05-10,98949280.88321514
2023-05-11,99651257.7918683
2023-05-12,98925339.14772141
2023-05-15,99313910.47718048
2023-05-16,99757742.51790869
2023-05-17,101489010.61831887
2023-05-18,103126203.6892738
2023-05-19,102950549.14300203
2023-05-22,103420915.6470941
2023-05-23,102054155.76970893
2023-05-24,101727965.01280357
2023-05-25,104896905.44505164
2023-05-26,107155437.94306579
2023-05-30,107939132.64005017
2023-05-31,107184321.49422264
2023-06-01,109198851.36545424
2023-06-02,110290651.90208149
2023-06-05,110421030.87132595
2023-06-06,110665503.34955159
2023-06-07,108853961.0248199
2023-06-08,110182238.2701022
2023-06-09,110761745.02102023
2023-06-12,112344059.50501998
2023-06-13,113275924.31772156
2023-06-14,113947701.78968245
2023-06-15,115277522.51553226
2023-06-16,115101996.68130864
2023-06-20,115814563.02079916
2023-06-21,114326096.1772423
2023-06-22,115773706.03292263
2023-06-23,115018717.20664829
2023-06-26,112353708.27765852
2023-06-27,114038637.29057506
2023-06-28,114277396.04251234
2023-06-29,114689514.6682654
2023-06-30,116666763.21570624
2023-07-03,117258109.03757772
2023-07-05,117773750.13625267
2023-07-06,116934956.77278392
2023-07-07,116561296.26067872
2023-07-10,115732291.05722791
2023-07-11,116409335.63700213
2023-07-12,118078015.22996764
2023-07-13,120328845.85979393
2023-07-14,120537360.76313138
2023-07-17,121579324.18651718
2023-07-18,122205269.91283587
2023-07-19,122219958.54522541
2023-07-20,119725039.79007372
2023-07-21,118869974.25637048
2023-07-24,119765380.4627784
2023-07-25,120257238.5226758
2023-07-26,120543926.75035979
2023-07-27,120289157.06491654
2023-07-28,122850756.54411668
2023-07-31,122426231.43403947
2023-08-01,122050995.16585131
2023-08-02,119511841.99625659
2023-08-03,119920059.37746382
2023-08-04,119916455.77568251
2023-08-07,121124827.32078587
2023-08-08,120223383.85379243
2023-08-09,118272525.03536099
2023-08-10,118438386.5704105
2023-08-11,117807230.35385592
2023-08-14,119386167.09599051
2023-08-15,117839917.95543936
2023-08-16,116522592.47105666
2023-08-17,115402055.58333449
2023-08-18,114817109.18208283
2023-08-21,117156557.18284641
2023-08-22,116695345.91311783
2023-08-23,118407862.73074502
2023-08-24,116546905.36449963
2023-08-25,117343119.25908552
2023-08-28,117943764.59849945
2023-08-29,120736683.19360797
2023-08-30,121055956.03723909
2023-08-31,121104458.41965398
2023-09-01,120473675.23587178
2023-09-05,121079457.08555585
2023-09-06,119528292.82943161
2023-09-07,119212210.13636191
2023-09-08,119254004.40990965
2023-09-11,121627555.47753456
2023-09-12,120540853.68267496
2023-09-13,121521269.41457826
2023-09-14,122247945.39298329
2023-09-15,120259390.75980124
2023-09-18,120444898.22157134
2023-09-19,120231356.75171915
2023-09-20,118294820.5351515
2023-09-21,116078967.39114416
2023-09-22,115546409.72049272
2023-09-25,116213109.04048276
2023-09-26,114358648.21346788
2023-09-27,114313970.34066464
2023-09-28,115437352.38970657
2023-09-29,115308994.92855398
2023-10-02,116784044.7937916
2023-10-03,114821052.52215178
2023-10-04,116748805.36242305
2023-10-05,117114855.12320745
2023-10-06,118991892.80517876
2023-10-09,119241003.86114158
2023-10-10,119851347.390872
2023-10-11,120815359.7104207
2023-10-12,120492248.6999939
2023-10-13,119042734.79310696
2023-10-16,120321016.91008908
2023-10-17,119656946.10691449
2023-10-18,117160325.91950744
2023-10-19,115651072.12818258
2023-10-20,113912147.53553855
2023-10-23,114489555.00206839
2023-10-24,115463269.32403597
2023-10-25,112787977.90457103
2023-10-26,110019772.44590904
2023-10-27,110621572.4034637
2023-10-30,111953647.70375334
2023-10-31,112383196.17445871
2023-11-01,114681019.2083794
2023-11-02,116729347.7808648
2023-11-03,117865901.04129481
2023-11-06,118680555.75847973
2023-11-07,119622089.76008688
2023-11-08,120000727.56372876
2023-11-09,118702559.70604049
2023-11-10,120999757.15956119
2023-11-13,121217916.72244841
2023-11-14,123526071.31934215
2023-11-15,123662169.99779342
2023-11-16,124178675.24668422
2023-11-17,124186137.96719901
2023-11-20,125425023.9013523
2023-11-21,125362211.38940164
2023-11-22,125525442.26420787
2023-11-24,125152037.70068318
2023-11-27,125126967.29314303
2023-11-28,125930313.15349208
2023-11-29,125338761.9848022
2023-11-30,124847905.42544164
2023-12-01,124999213.39100641
2023-12-04,123610754.11450015
2023-12-05,124691621.99791972
2023-12-06,123620051.88117757
2023-12-07,125516975.07599722
2023-12-08,126189560.89265381
2023-12-11,125044471.47096638
2023-12-12,126051437.02159296
2023-12-13,126877121.41971417
2023-12-14,127194814.22326344
2023-12-15,127867458.84236225
2023-12-18,129212167.16020705
2023-12-19,130055934.4900916
2023-12-20,128344371.5108918
2023-12-21,129895902.07502826
2023-12-22,129743689.86960047
2023-12-26,130263464.62907888
2023-12-27,130614411.3489311
2023-12-28,130471823.64056076
2023-12-29,129848519.04179528
2024-01-02,128596151.8034228
2024-01-03,127670107.47195618
2024-01-04,127171414.05281554
2024-01-05,127664341.42519994
2024-01-08,130226742.82736096
2024-01-09,130454989.62730882
2024-01-10,131923551.71071975
2024-01-11,131617025.07075088
2024-01-12,131450935.61916173
2024-01-16,131246876.668952
2024-01-17,130619875.0672411
2024-01-18,131996100.1529485
2024-01-19,134020022.44629014
2024-01-22,133854931.8186812
2024-01-23,134114998.38640946
2024-01-24,134926260.97666338
2024-01-25,134139826.1377792
2024-01-26,133797259.58112785
2024-01-29,135657141.54411387
2024-01-30,135469658.688783
2024-01-31,132262427.95738018
2024-02-01,133776473.50893302
2024-02-02,138377225.60922977
2024-02-05,137865875.6467317
2024-02-06,138179285.1844498
2024-02-07,139899339.69929248
2024-02-08,139522472.4755014
2024-02-09,141292756.201766
2024-02-12,140416916.04087707
2024-02-13,138624050.36135587
2024-02-14,140216362.21900064
2024-02-15,141324247.31690857
2024-02-16,140309518.46364632
2024-02-20,138973272.94305703
2024-02-21,139102704.0868941
2024-02-22,143919791.5942189
2024-02-23,143532109.35483044
2024-02-26,143090851.77911112
2024-02-27,143328714.59306446
2024-02-28,143087586.3525481
2024-02-29,144160810.37432867
2024-03-01,145143907.49297786
2024-03-04,143434663.14086044
2024-03-05,141673702.17075348
2024-03-06,141747476.49588227
2024-03-07,143568662.61932445
2024-03-08,142542154.36822248
2024-03-11,142079669.78806943
2024-03-12,144763064.36027244
2024-03-13,143904883.01925963
2024-03-14,143403398.0263526
2024-03-15,142301959.9634905
2024-03-18,144604791.63650048
2024-03-19,145075407.2093191
2024-03-20,146820164.84990305
2024-03-21,146508482.10042125
2024-03-22,146693334.78786778
2024-03-25,146205648.91637206
2024-03-26,145942118.7483226
2024-03-27,146548608.54112816
2024-03-28,145942536.7878533
2024-04-01,146389732.95042413
2024-04-02,145379729.6903957
2024-04-03,145497649.27144492
2024-04-04,144154316.9451622
2024-04-05,145659932.47090024
2024-04-08,146142728.8473789
2024-04-09,146390048.059131
2024-04-10,145605791.30201462
2024-04-11,147803084.57693598
2024-04-12,145252991.42967537
2024-04-15,142451566.81473982
2024-04-16,141517199.05210328
2024-04-17,140437313.99532625
2024-04-18,139929613.29180312
2024-04-19,137276959.7121893
2024-04-22,138470259.7224911
2024-04-23,140652929.6105231
2024-04-24,141903703.62546453
2024-04-25,140711453.5520469
2024-04-26,143528273.50855228
2024-04-29,145132281.04090774
2024-04-30,142003277.03009698
2024-05-01,142620439.2524076
2024-05-02,144178610.24465138
2024-05-03,146361614.8315505
2024-05-06,148309418.69266182
2024-05-07,147966361.93548176
2024-05-08,148036000.12559143
2024-05-09,148301342.56581625
2024-05-10,148143931.14269647
2024-05-13,148528141.92435607
2024-05-14,149772996.47226295
2024-05-15,151242731.83769113
2024-05-16,151026168.7311632
2024-05-17,151357354.04068443
2024-05-20,150702626.27122867
2024-05-21,152110547.77433926
2024-05-22,151539383.2201855
2024-05-23,150936977.86880133
2024-05-24,152700746.40053025
2024-05-28,153301646.33388436
2024-05-29,152907147.10280627
2024-05-30,151648606.35362118
2024-05-31,151806528.90422896
2024-06-03,152983059.4379477
2024-06-04,153206706.70472708
2024-06-05,155101279.5325305
2024-06-06,155646387.02368966
2024-06-07,155878598.14035493
2024-06-10,155902009.930076
2024-06-11,156657543.6581376
2024-06-12,158072398.70193398
2024-06-13,158787789.94406676
2024-06-14,158722604.95018968
2024-06-17,160302295.6433946
2024-06-18,160145003.39366403
2024-06-20,159952589.38959163
2024-06-21,159702751.35014388
2024-06-24,158684170.82404348
2024-06-25,160795741.454295
2024-06-26,162581184.22702315
2024-06-27,162756987.9059883
2024-06-28,161153491.1449934
2024-07-01,163804529.00450563
2024-07-02,166745130.20955643
2024-07-03,168614915.66790348
2024-07-05,170843272.55471984
2024-07-08,170453293.89329508
2024-07-09,171678584.5434489
2024-07-10,173301118.38153905
2024-07-11,168375421.63068715
2024-07-12,168771573.8715193
2024-07-15,169673882.07599318
2024-07-16,169638208.56075722
2024-07-17,166745863.86896753
2024-07-18,165722485.72345075
2024-07-19,164161155.13279307
2024-07-22,166797508.06112307
2024-07-23,166503592.4469355
2024-07-24,159585393.36038768
2024-07-25,158625083.14629176
2024-07-26,160365806.05757514
2024-07-29,161255340.6231341
2024-07-30,159916875.84936833
2024-07-31,163332168.81123537
2024-08-01,161252039.62395647
2024-08-02,157635513.93637985
2024-08-05,151724573.93946242
2024-08-06,153354724.61783284
2024-08-07,151911310.20642522
2024-08-08,155644121.7588909
2024-08-09,156758407.22946694
2024-08-12,157108424.47758865
2024-08-13,160397743.63341504
2024-08-14,160123121.4918019
2024-08-15,163824982.3670476
2024-08-16,164274410.8187333
2024-08-19,166223432.58693528
2024-08-20,166038702.57676378
2024-08-21,166726930.8054316
2024-08-22,164251404.42158702
2024-08-23,166395850.7352445
2024-08-26,165231345.73860517
2024-08-27,164989815.9738268
2024-08-28,163739329.06690493
2024-08-29,163550798.838478
2024-08-30,165866235.1340541
2024-09-03,162056675.7000789
2024-09-04,162035582.33223793
2024-09-05,163252349.1997297
2024-09-06,158638089.38182133
2024-09-09,160982539.58109704
2024-09-10,161844866.1678559
2024-09-11,164591526.64940107
2024-09-12,166254273.15329352
2024-09-13,166645440.69520375
2024-09-16,166463579.16484597
2024-09-17,167145233.2036302
2024-09-18,166564545.24441358
2024-09-19,170500188.51218176
2024-09-20,169979552.9372196
2024-09-23,170934260.22919738
2024-09-24,170848693.0990828
2024-09-25,170850403.5860138
2024-09-26,170970138.868524
2024-09-27,171023201.61157322
2024-09-30,171875893.15559885
2024-10-01,170098349.17930153
2024-10-02,169313273.78958496
2024-10-03,168997979.10033634
2024-10-04,171581632.24119845
2024-10-07,169047853.16564077
2024-10-08,171149911.50195804
2024-10-09,171617696.76035836
2024-10-10,171569587.8052655
2024-10-11,171358311.212265
2024-10-14,172487164.90004173
2024-10-15,172081350.0625266
2024-10-16,172739464.81976548
2024-10-17,172995415.2276987
2024-10-18,173717640.10919824
2024-10-21,173813294.81125832
2024-10-22,174453663.73616374
2024-10-23,172001526.29730797
2024-10-24,176006933.79898337
2024-10-25,176924971.92407608
2024-10-28,177293391.86567816
2024-10-29,177921718.47288266
2024-10-30,178634205.34677422
2024-10-31,173882580.51071042
2024-11-01,175353578.31602594
2024-11-04,173861372.90033972
2024-11-05,176192054.6834753
2024-11-06,184023861.91142157
2024-11-07,185908472.0187754
2024-11-08,186664072.41517162
2024-11-11,187822629.66414568
2024-11-12,187360093.99517187
2024-11-13,187579539.30514622
2024-11-14,186035991.49205792
2024-11-15,183976221.42615578
2024-11-18,185503042.30177858
2024-11-19,187334074.2988741
2024-11-20,186263254.73462754
2024-11-21,185485702.96238416
2024-11-22,185572975.24277648
2024-11-25,185714162.70396098
2024-11-26,187324179.35297728
2024-11-27,186527201.59072712
2024-11-29,188131188.2523915
2024-12-02,190300763.54105905
2024-12-03,190744630.3201097
2024-12-04,192293191.27200583
2024-12-05,192995791.4201486
2024-12-06,195215611.06356612
2024-12-09,194451536.0243076
2024-12-10,195763487.37711143
2024-12-11,199451520.20954865
2024-12-12,198287551.84672698
2024-12-13,197886606.99199662
2024-12-16,200194315.96345335
2024-12-17,200973849.8525512
2024-12-18,194081633.7566028
2024-12-19,194878188.45500487
2024-12-20,195939413.8002001
2024-12-23,198081256.1988983
2024-12-24,201414364.11560175
2024-12-26,200698633.12299138
2024-12-27,197592740.25490993
2024-12-30,195237028.71847397
2024-12-31,193550407.16063353
2025-01-02,192692092.85691193
2025-01-03,196395621.03976467
2025-01-06,198807849.3099226
2025-01-07,195733178.0380843
2025-01-08,195043493.25139025
2025-01-10,192815764.99339187
2025-01-13,192819625.3086917
2025-01-14,191898921.69596925
2025-01-15,197650363.4115466
2025-01-16,195618440.17931
2025-01-17,198432351.16468668
2025-01-21,199554623.94876716
2025-01-22,201174633.94899166
2025-01-23,202201644.5821315
2025-01-24,201677424.3226638
2025-01-27,198758276.7669581
2025-01-28,202681733.98480248
2025-01-29,201395463.79133886
2025-01-30,202189749.91867673
2025-01-31,201936762.73127842
2025-02-03,199539420.72528544
2025-02-04,202167991.50203022
2025-02-05,201164246.26418018
2025-02-06,202442909.22795773
2025-02-07,199644410.6515196
2025-02-10,200295903.43024358
2025-02-11,199762584.32711914
2025-02-12,199856566.74175286
2025-02-13,203155499.52732435
2025-02-14,203590680.29631284
2025-02-18,203144378.7064639
2025-02-19,203827615.8189176
2025-02-20,202170911.578468
2025-02-21,198580851.60706595
2025-02-24,196644726.11241314
2025-02-25,193524737.2035314
2025-02-26,193028801.87629038
2025-02-27,189164225.83876455
2025-02-28,192972340.4203821
2025-03-03,188537103.48433015
2025-03-04,186294906.6949363
2025-03-05,188780883.80117983
2025-03-06,184069590.36801642
2025-03-07,184296241.96416909
2025-03-10,176064019.64772788
2025-03-11,175834876.42218584
2025-03-12,178686641.42022523
2025-03-13,175137530.45444798
2025-03-14,179410506.07162288
2025-03-17,178140659.79369652
2025-03-18,175151670.33555415
2025-03-19,177788959.4574009
2025-03-20,177696405.19848308
2025-03-21,179676392.18834218
2025-03-24,185290334.38854036
2025-03-25,186959747.39803717
2025-03-26,182980731.1683549
2025-03-27,182603378.86214808
2025-03-28,177486712.28779656
2025-03-31,177769234.16033414
2025-04-01,178183902.4759277
2025-04-02,179924929.36409274
2025-04-03,170387314.35426402
2025-04-04,160054840.72382626
2025-04-07,160426631.95430556
2025-04-08,157551415.2423235
2025-04-09,176454767.3308111
2025-04-10,168975204.48202458
2025-04-11,172715668.25312215
2025-04-14,172892042.23474032
2025-04-15,172087164.23834878
2025-04-16,166825514.2425096
2025-04-17,166436344.79432455
2025-04-21,161803854.4090423
2025-04-22,166411244.02843547
2025-04-23,170778124.73442078
2025-04-24,174604615.16597712
2025-04-25,178193353.9153346
2025-04-28,177925763.8844616
2025-04-29,179030143.62054527
2025-04-30,178216438.76850802
2025-05-01,181374409.7347106
2025-05-02,183976371.026209
2025-05-05,182543478.8596251
2025-05-06,181066911.55043933
2025-05-07,181275368.4987223
2025-05-08,183093751.6910795
2025-05-09,183577647.19554394
2025-05-12,191715321.41336265
2025-05-13,194367591.1552953
2025-05-14,196727696.03600904
2025-05-15,196132974.39398026
2025-05-16,197240292.36956233
2025-05-19,196991517.60117668
2025-05-20,196255993.2405243
2025-05-21,194014430.35764992
2025-05-22,194938891.04615235
2025-05-23,192860661.85651082
2025-05-27,198077160.93987373
2025-05-28,197161120.45633152
2025-05-29,198341339.9566604
2025-05-30,197590853.69162422
2025-06-02,198500691.61860567
2025-06-03,198824573.745944
2025-06-04,199021608.0739525
2025-06-05,195664723.97790638
2025-06-06,199245131.1322225
2025-06-09,200565457.90031785
2025-06-10,203040895.99622875
2025-06-11,201748283.89769274
2025-06-12,201790693.03731126
2025-06-13,199584954.6693438
2025-06-16,202092255.85044408
2025-06-17,200243304.631971
2025-06-18,199561797.3962223
2025-06-20,198099541.03928196
2025-06-23,201105762.0814375
2025-06-24,202998036.24500304
2025-06-25,203473519.64981633
2025-06-26,205294360.91548565
2025-06-27,206946535.57724616
2025-06-30,207205468.74671772
2025-07-01,205544150.9420565
2025-07-02,207622166.86657128
2025-07-03,209625572.55516502
2025-07-07,206805516.8600236
2025-07-08,205967144.51674053
2025-07-09,207793785.41715887
2025-07-10,209355818.7456417
2025-07-11,209274091.97633088
2025-07-14,209728650.75591955
2025-07-15,209558608.54880723
2025-07-16,211490485.33354172
2025-07-17,211939269.1624488
2025-07-18,213214226.1701151
2025-07-21,214466967.6777337
2025-07-22,214430474.29322848
2025-07-23,215913570.87059465
2025-07-24,215284680.37936127
2025-07-25,216299613.22394806
2025-07-28,217146126.7116537
2025-07-29,215981151.47247922
2025-07-30,216017902.26822957
2025-07-31,217204938.5516821
2025-08-01,212056789.60677826
2025-08-04,215964437.10343906
2025-08-05,214619894.30465567
2025-08-06,217900194.09068775
2025-08-07,217889289.08098322
2025-08-08,220986156.98593315
2025-08-11,221125504.26483428
2025-08-12,223119647.05826044
2025-08-13,223124113.4512016
2025-08-14,224269766.15320623
2025-08-15,223627782.6220081
2025-08-18,223343521.33807814
2025-08-19,220922545.00198674
2025-08-20,219496304.58672392
2025-08-21,218599943.6640101
2025-08-22,223389474.43081528
2025-08-25,223700263.80027413
2025-08-26,224692141.96890935
2025-08-27,224779849.90427718
2025-08-28,225439040.86449674
2025-08-29,223609108.24308565
2025-09-02,221811921.1038937
2025-09-03,225146540.15887415
2025-09-04,227733518.439898
2025-09-05,226158497.82747832
2025-09-08,226074745.18328214
2025-09-09,227633778.177595
2025-09-10,226376135.7220547
2025-09-11,229210603.17993757
2025-09-12,231571238.28665912
2025-09-15,234586582.09676856
2025-09-16,235354334.220225
2025-09-17,235326067.70011857
2025-09-18,234965712.81653738
2025-09-19,237583107.20018548
2025-09-22,238596063.23685825
2025-09-23,235909607.52544358
2025-09-24,236251966.45635548
2025-09-25,234759954.5480159
2025-09-26,236559747.79985368
2025-09-29,237674886.211991
2025-09-30,238452737.08990422
2025-10-01,239400188.45615116
2025-10-02,238575963.807862
2025-10-03,238150942.59228402
2025-10-06,240346154.77355897
2025-10-07,238736900.99812388
2025-10-08,239922028.0270746
2025-10-09,240190964.69846496
2025-10-10,233178760.25821075
2025-10-13,237507936.26100057
2025-10-14,235473156.3266064
2025-10-15,236795282.73359865
2025-10-16,235041517.64137003
2025-10-17,237041070.54132167
2025-10-20,240298390.43985403
2025-10-21,239562465.36510807
2025-10-22,238435581.77789205
2025-10-23,239845918.06619945
2025-10-24,241461427.09478495
2025-10-27,245987745.62427026
2025-10-28,247863696.24592718
2025-10-29,249044479.4400578
2025-10-30,244737534.83533362
2025-10-31,246603958.85077885
2025-11-03,247665215.87383717
2025-11-04,244291770.28579423
2025-11-05,245592466.50371465
2025-11-06,242033391.58874086
2025-11-07,240703530.2689187
2025-11-10,245651688.7806423
2025-11-11,246172894.36085722
2025-11-12,244615817.6684966
2025-11-13,239437963.12480792
2025-11-14,238987443.7541333
2025-11-17,238396650.7680606
2025-11-18,234982332.69556963
2025-11-19,236837921.30053768
2025-11-20,233742206.04835266
2025-11-21,235202005.4140944
2025-11-24,240938752.2860359
2025-11-25,243304323.44596192
2025-11-26,244548630.53877077
2025-11-28,246163971.50032666
2025-12-01,245259815.72492045
2025-12-02,246087015.30391347
2025-12-03,246170752.8891168
2025-12-04,247109425.45762438
2025-12-05,247890923.2420705
2025-12-08,246350278.60873723
2025-12-09,245208750.81877878
2025-12-10,246803907.69910082
2025-12-11,248199479.7776007
2025-12-12,247248109.7700525
2025-12-15,247760327.3572765
2025-12-16,248050440.94028446
2025-12-17,244488047.11279136
2025-12-18,247593138.43065274
2025-12-19,249263264.18367532
2025-12-22,250942151.95163143
2025-12-23,252798092.454554
2025-12-24,253632986.15965405
2025-12-26,252983173.71508533
2025-12-29,251271655.46077135
2025-12-30,251027727.95497438
2025-12-31,249547996.6373196
2026-01-02,247924634.65917704
2026-01-05,250212343.79073468
2026-01-06,250119691.2235321
2026-01-07,250209806.31237257
2026-01-08,249929347.3293027
2026-01-09,250762278.05590928
2026-01-12,250528883.1373173
2026-01-13,248076754.66023433
2026-01-14,245770263.60944074
2026-01-15,246215469.78657386
2026-01-16,246028194.02953607
2026-01-20,239707516.2887979
2026-01-21,241396465.203471
2026-01-22,245153290.23738495
2026-01-23,246713737.1632947
2026-01-26,248192750.44890285
2026-01-27,249839594.38437903
2026-01-28,250464693.37034
2026-01-29,250840690.4103955
2026-01-30,249610591.02738455
2026-02-02,250954572.00711188
2026-02-03,248651484.58180666
2026-02-04,246212740.03290495
2026-02-05,242637291.1750275
2026-02-06,245136086.90121847
2026-02-09,246500155.54438925
2026-02-10,245710715.04664722
2026-02-11,244476243.25711307
2026-02-12,240032922.6795639
2026-02-13,237359130.25014034
2026-02-17,238475658.162316
2026-02-18,240144001.0128706
2026-02-19,239857991.65166527
2026-02-20,242320986.64601135
2026-02-23,237916805.52851978
2026-02-24,240069381.4504976
2026-02-25,243541274.01245734
2026-02-26,241376851.4992267
2026-02-27,239250975.2060335
2026-03-02,239851997.15380067
2026-03-03,239052624.0032785
2026-03-04,241354234.24619
2026-03-05,240209267.1758631
2026-03-06,236771414.65524822
2026-03-09,238690883.11395574
2026-03-10,239166275.9713525
2026-03-11,239175850.62239134
2026-03-12,235379349.6315202
2026-03-13,232724370.36117297
2026-03-16,235738411.71364653
2026-03-17,235955475.05242312
2026-03-18,232694167.94194916
2026-03-19,231059250.8829967
2026-03-20,227518671.751978
